041290139005052026-0000000080000010790001                                 00000000000000  000000000000000000000000000000000000000000000000000001079000                              17450012            000000000000000000000000000000000000
040956253505052026-0000000080000011050001                                 00000000000000  000000000000000000000000000000000000000000000000000001105000                              17499722            000000000000000000000000000000000000
040848363705052026-0000000080000011050001                                 00000000000000  000000000000000000000000000000000000000000000000000001105000                              17499722            000000000000000000000000000000000000
040810418905052026-0000000080000010790001                                 00000000000000  000000000000000000000000000000000000000000000000000001079000                              17450012            000000000000000000000000000000000000
040734272905052026-0000000080000010790001                                 00000000000000  000000000000000000000000000000000000000000000000000001079000                              17450012            000000000000000000000000000000000000
040734552505052026-0000000080000010790001                                 00000000000000  000000000000000000000000000000000000000000000000000001079000                              17450012            000000000000000000000000000000000000
040723253905052026-0000000080000010790001                                 00000000000000  000000000000000000000000000000000000000000000000000001079000                              17450012            000000000000000000000000000000000000
040758092805052026-0000000080000010790001                                 00000000000000  000000000000000000000000000000000000000000000000000001079000                              17450012            000000000000000000000000000000000000
041349556605052026-0000000060000011940001                                 00000000000000  000000000000000000000000000000000000000000000000000001194000                              17667077            000000000000000000000000000000000000
041604022205052026-0000000060000011940001                                 00000000000000  000000000000000000000000000000000000000000000000000001194000                              17667077            000000000000000000000000000000000000
041188924305052026-0000000060000011940001                                 00000000000000  000000000000000000000000000000000000000000000000000001194000                              17667077            000000000000000000000000000000000000
041377122505052026-0000000050000010140001                                 00000000000000  000000000000000000000000000000000000000000000000000001014000                              17770180            000000000000000000000000000000000000
041415718405052026-0000000050000010140001                                 00000000000000  000000000000000000000000000000000000000000000000000001014000                              17770180            000000000000000000000000000000000000
041428067705052026-0000000050000010140001                                 00000000000000  000000000000000000000000000000000000000000000000000001014000                              17770180            000000000000000000000000000000000000
040712681605052026-0000000040000010140001                                 00000000000000  000000000000000000000000000000000000000000000000000001014000                              17445999            000000000000000000000000000000000000
041281425405052026-0000000040000010140001                                 00000000000000  000000000000000000000000000000000000000000000000000001014000                              17445999            000000000000000000000000000000000000
041289958505052026-0000000030000076810001                                 00000000000000  000000000000000000000000000000000000000000000000000007681000                              17731865            000000000000000000000000000000000000
041536682005052026-0000000030000076810001                                 00000000000000  000000000000000000000000000000000000000000000000000007681000                              17731865            000000000000000000000000000000000000
041666135405052026-0000000030000076810001                                 00000000000000  000000000000000000000000000000000000000000000000000007681000                              17731865            000000000000000000000000000000000000
040079975405052026-0000000030000163670001                                 00000000000000  000000000000000000000000000000000000000000000000000016367000                              7898250780420       000000000000000000000000000000000000
041335268905052026-0000000030000076810001                                 00000000000000  000000000000000000000000000000000000000000000000000007681000                              17731865            000000000000000000000000000000000000
041507686205052026-0000000030000076810001                                 00000000000000  000000000000000000000000000000000000000000000000000007681000                              17731865            000000000000000000000000000000000000
041082429905052026-0000000020000003000001                                 00000000000000  000000000000000000000000000000000000000000000000000000300000                              17101463            000000000000000000000000000000000000
040927181405052026-0000000020000010140001                                 00000000000000  000000000000000000000000000000000000000000000000000001014000                              17540533            000000000000000000000000000000000000
040810418705052026-0000000020000009490001                                 00000000000000  000000000000000000000000000000000000000000000000000000949000                              17445998            000000000000000000000000000000000000
041141736005052026-0000000020000010270001                                 00000000000000  000000000000000000000000000000000000000000000000000001027000                              17446017            000000000000000000000000000000000000
041082484905052026-0000000020000003000001                                 00000000000000  000000000000000000000000000000000000000000000000000000300000                              17101463            000000000000000000000000000000000000
040803050105052026-0000000020000010270001                                 00000000000000  000000000000000000000000000000000000000000000000000001027000                              17446017            000000000000000000000000000000000000
040712681505052026-0000000020000009490001                                 00000000000000  000000000000000000000000000000000000000000000000000000949000                              17445998            000000000000000000000000000000000000
040810418805052026-0000000020000009490001                                 00000000000000  000000000000000000000000000000000000000000000000000000949000                              17445998            000000000000000000000000000000000000
040712701005052026-0000000020000010270001                                 00000000000000  000000000000000000000000000000000000000000000000000001027000                              17446017            000000000000000000000000000000000000
041334638705052026-0000000020000010140001                                 00000000000000  000000000000000000000000000000000000000000000000000001014000                              17540533            000000000000000000000000000000000000
041634379505052026-0000000010000129900001                                 00000000000000  000000000000000000000000000000000000000000000000000012990000                              7898486880109       000000000000000000000000000000000000
041387491405052026-0000000010000248160001                                 00000000000000  000000000000000000000000000000000000000000000000000024816000                              17102066            000000000000000000000000000000000000
041701333005052026-0000000010000059900001                                 00000000000000  000000000000000000000000000000000000000000000000000005990000                              17101974            000000000000000000000000000000000000
041454265905052026-0000000010000019500001                                 00000000000000  000000000000000000000000000000000000000000000000000001950000                              17446061            000000000000000000000000000000000000
041370049405052026-0000000010000020000001                                 00000000000000  000000000000000000000000000000000000000000000000000002000000                              7896112946021       000000000000000000000000000000000000
041603866405052026-0000000010000014950001                                 00000000000000  000000000000000000000000000000000000000000000000000001495000                              17819447            000000000000000000000000000000000000
041430137505052026-0000000010000019500001                                 00000000000000  000000000000000000000000000000000000000000000000000001950000                              17446061            000000000000000000000000000000000000
041369922705052026-0000000010000009000001                                 00000000000000  000000000000000000000000000000000000000000000000000000900000                              17102442            000000000000000000000000000000000000
040723254305052026-0000000010000018320001                                 00000000000000  000000000000000000000000000000000000000000000000000001832000                              17450014            000000000000000000000000000000000000
041442285905052026-0000000010000014950001                                 00000000000000  000000000000000000000000000000000000000000000000000001495000                              17819447            000000000000000000000000000000000000
041387560505052026-0000000010000239100001                                 00000000000000  000000000000000000000000000000000000000000000000000023910000                              17102083            000000000000000000000000000000000000
040667947205052026-0000000010000017510001                                 00000000000000  000000000000000000000000000000000000000000000000000001751000                              17103088            000000000000000000000000000000000000
041556672505052026-0000000010000018320001                                 00000000000000  000000000000000000000000000000000000000000000000000001832000                              17450014            000000000000000000000000000000000000
041281637105052026-0000000010000011050001                                 00000000000000  000000000000000000000000000000000000000000000000000001105000                              17540601            000000000000000000000000000000000000
041186018405052026-0000000010000017900001                                 00000000000000  000000000000000000000000000000000000000000000000000001790000                              17652386            000000000000000000000000000000000000
041369672905052026-0000000010000022000001                                 00000000000000  000000000000000000000000000000000000000000000000000002200000                              7896803071698       000000000000000000000000000000000000
041603448305052026-0000000010000014950001                                 00000000000000  000000000000000000000000000000000000000000000000000001495000                              17819447            000000000000000000000000000000000000
040712757205052026-0000000010000019500001                                 00000000000000  000000000000000000000000000000000000000000000000000001950000                              17446061            000000000000000000000000000000000000
040927224805052026-0000000010000011050001                                 00000000000000  000000000000000000000000000000000000000000000000000001105000                              17540601            000000000000000000000000000000000000
040133104405052026-0000000010000300670001                                 00000000000000  000000000000000000000000000000000000000000000000000030067000                              7898242032025       000000000000000000000000000000000000
041591534005052026-0000000010000300670001                                 00000000000000  000000000000000000000000000000000000000000000000000030067000                              7898242032025       000000000000000000000000000000000000
041644340905052026-0000000010000019500001                                 00000000000000  000000000000000000000000000000000000000000000000000001950000                              17446061            000000000000000000000000000000000000
041370049305052026-0000000010000009000001                                 00000000000000  000000000000000000000000000000000000000000000000000000900000                              17102442            000000000000000000000000000000000000
041241285505052026-0000000010000114900001                                 00000000000000  000000000000000000000000000000000000000000000000000011490000                              17630249            000000000000000000000000000000000000
041369757305052026-0000000010000022000001                                 00000000000000  000000000000000000000000000000000000000000000000000002200000                              7896803071698       000000000000000000000000000000000000
040141450305052026-0000000010000119900001                                 00000000000000  000000000000000000000000000000000000000000000000000011990000                              7898486895196       000000000000000000000000000000000000
041186333705052026-0000000010000017900001                                 00000000000000  000000000000000000000000000000000000000000000000000001790000                              17652386            000000000000000000000000000000000000
041454203305052026-0000000010000014950001                                 00000000000000  000000000000000000000000000000000000000000000000000001495000                              17819447            000000000000000000000000000000000000
040287493805052026-0000000010000025000001                                 00000000000000  000000000000000000000000000000000000000000000000000002500000                              17103301            000000000000000000000000000000000000
041603866505052026-0000000010000014950001                                 00000000000000  000000000000000000000000000000000000000000000000000001495000                              17819447            000000000000000000000000000000000000
041141231005052026-0000000010000017900001                                 00000000000000  000000000000000000000000000000000000000000000000000001790000                              17652386            000000000000000000000000000000000000
041369924705052026-0000000010000009000001                                 00000000000000  000000000000000000000000000000000000000000000000000000900000                              17102442            000000000000000000000000000000000000
041186015805052026-0000000010000017900001                                 00000000000000  000000000000000000000000000000000000000000000000000001790000                              17652386            000000000000000000000000000000000000
041217893405052026-0000000010000011050001                                 00000000000000  000000000000000000000000000000000000000000000000000001105000                              17540601            000000000000000000000000000000000000
041082484805052026-0000000010000012500001                                 00000000000000  000000000000000000000000000000000000000000000000000001250000                              17102106            000000000000000000000000000000000000
041464996705052026-0000000010000017900001                                 00000000000000  000000000000000000000000000000000000000000000000000001790000                              17652386            000000000000000000000000000000000000
040673149705052026-0000000010000005500001                                 00000000000000  000000000000000000000000000000000000000000000000000000550000                              7898121840826       000000000000000000000000000000000000
040133104305052026-0000000010000300670001                                 00000000000000  000000000000000000000000000000000000000000000000000030067000                              7898242032025       000000000000000000000000000000000000
040656778505052026-0000000010000014500001                                 00000000000000  000000000000000000000000000000000000000000000000000001450000                              17103672            000000000000000000000000000000000000
040777919605052026-0000000010000018320001                                 00000000000000  000000000000000000000000000000000000000000000000000001832000                              17450014            000000000000000000000000000000000000
041603527105052026-0000000010000300670001                                 00000000000000  000000000000000000000000000000000000000000000000000030067000                              7898242032025       000000000000000000000000000000000000
040141415705052026-0000000010000129900001                                 00000000000000  000000000000000000000000000000000000000000000000000012990000                              7898486880109       000000000000000000000000000000000000
041049298405052026-0000000010000117460001                                 00000000000000  000000000000000000000000000000000000000000000000000011746000                              17102346            000000000000000000000000000000000000
04085673170505202600000000000000265000001                                 00000000000000  000000000000000000000000000000000000000000000000000026500000                              7898242032230       000000000000000000000000000000000000
04072185340505202600000000000000052370001                                 00000000000000  000000000000000000000000000000000000000000000000000005237000                              7894442137201       000000000000000000000000000000000000
04161062760505202600000000000000024900001                                 00000000000000  000000000000000000000000000000000000000000000000000002490000                              7896006200888       000000000000000000000000000000000000
04093584670505202600000000000000078330001                                 00000000000000  000000000000000000000000000000000000000000000000000007833000                              17544244            000000000000000000000000000000000000
04113045530505202600000000000000013390001                                 00000000000000  000000000000000000000000000000000000000000000000000001339000                              17486027            000000000000000000000000000000000000
03993793050505202600000000000000009000001                                 00000000000000  000000000000000000000000000000000000000000000000000000900000                              7896029021798       000000000000000000000000000000000000
04130621420505202600000000000000019900001                                 00000000000000  000000000000000000000000000000000000000000000000000001990000                              7898019860585       000000000000000000000000000000000000
04146492590505202600000000000000106620001                                 00000000000000  000000000000000000000000000000000000000000000000000010662000                              17485683            000000000000000000000000000000000000
04128234430505202600000000000000250280001                                 00000000000000  000000000000000000000000000000000000000000000000000025028000                              7898344752852       000000000000000000000000000000000000
04099609000505202600000000000000305340001                                 00000000000000  000000000000000000000000000000000000000000000000000030534000                              7891835504077       000000000000000000000000000000000000
04092737770505202600000000000000071230001                                 00000000000000  000000000000000000000000000000000000000000000000000007123000                              17439399            000000000000000000000000000000000000
04084780930505202600000000000000013390001                                 00000000000000  000000000000000000000000000000000000000000000000000001339000                              17486027            000000000000000000000000000000000000
04103944050505202600000000000000103750001                                 00000000000000  000000000000000000000000000000000000000000000000000010375000                              17607555            000000000000000000000000000000000000
04084859640505202600000000000000013390001                                 00000000000000  000000000000000000000000000000000000000000000000000001339000                              17486027            000000000000000000000000000000000000
03992719410505202600000000000000129900001                                 00000000000000  000000000000000000000000000000000000000000000000000012990000                              7898486880093       000000000000000000000000000000000000
04128234380505202600000000000000071230001                                 00000000000000  000000000000000000000000000000000000000000000000000007123000                              17439399            000000000000000000000000000000000000
04080414990505202600000000000000090320001                                 00000000000000  000000000000000000000000000000000000000000000000000009032000                              7908747903024       000000000000000000000000000000000000
04072195850505202600000000000000008500001                                 00000000000000  000000000000000000000000000000000000000000000000000000850000                              7000833966170       000000000000000000000000000000000000
04163387280505202600000000000000069610001                                 00000000000000  000000000000000000000000000000000000000000000000000006961000                              17395451            000000000000000000000000000000000000
04130612130505202600000000000000005000001                                 00000000000000  000000000000000000000000000000000000000000000000000000500000                              7896413807045       000000000000000000000000000000000000
04126074500505202600000000000000010790001                                 00000000000000  000000000000000000000000000000000000000000000000000001079000                              17450013            000000000000000000000000000000000000
04145420320505202600000000000000013390001                                 00000000000000  000000000000000000000000000000000000000000000000000001339000                              17486027            000000000000000000000000000000000000
04133532370505202600000000000000116720001                                 00000000000000  000000000000000000000000000000000000000000000000000011672000                              17439397            000000000000000000000000000000000000
04128163740505202600000000000000087130001                                 00000000000000  000000000000000000000000000000000000000000000000000008713000                              17395448            000000000000000000000000000000000000
04076132550505202600000000000000584000001                                 00000000000000  000000000000000000000000000000000000000000000000000058400000                              17101740            000000000000000000000000000000000000
04118608060505202600000000000000007000001                                 00000000000000  000000000000000000000000000000000000000000000000000000700000                              17103670            000000000000000000000000000000000000
04144336240505202600000000000000010140001                                 00000000000000  000000000000000000000000000000000000000000000000000001014000                              17486029            000000000000000000000000000000000000
04153668240505202600000000000000069610001                                 00000000000000  000000000000000000000000000000000000000000000000000006961000                              17395451            000000000000000000000000000000000000
04150505130505202600000000000000071230001                                 00000000000000  000000000000000000000000000000000000000000000000000007123000                              17439399            000000000000000000000000000000000000
04094863240505202600000000000000418080001                                 00000000000000  000000000000000000000000000000000000000000000000000041808000                              17103425            000000000000000000000000000000000000
04080022120505202600000000000000052370001                                 00000000000000  000000000000000000000000000000000000000000000000000005237000                              7894442137256       000000000000000000000000000000000000
04011027310505202600000000000000265000001                                 00000000000000  000000000000000000000000000000000000000000000000000026500000                              7898242032230       000000000000000000000000000000000000
04021652090505202600000000000000010790001                                 00000000000000  000000000000000000000000000000000000000000000000000001079000                              17223925            000000000000000000000000000000000000
04104961170505202600000000000000009370001                                 00000000000000  000000000000000000000000000000000000000000000000000000937000                              17446002            000000000000000000000000000000000000
04076102100505202600000000000000080000001                                 00000000000000  000000000000000000000000000000000000000000000000000008000000                              7898907467346       000000000000000000000000000000000000
04080781750505202600000000000000010270001                                 00000000000000  000000000000000000000000000000000000000000000000000001027000                              17103654            000000000000000000000000000000000000
04072185410505202600000000000000052370001                                 00000000000000  000000000000000000000000000000000000000000000000000005237000                              7894442137256       000000000000000000000000000000000000
04150610230505202600000000000000094950001                                 00000000000000  000000000000000000000000000000000000000000000000000009495000                              17439401            000000000000000000000000000000000000
04161102370505202600000000000000124680001                                 00000000000000  000000000000000000000000000000000000000000000000000012468000                              17101455            000000000000000000000000000000000000
04103243850505202600000000000000116720001                                 00000000000000  000000000000000000000000000000000000000000000000000011672000                              17439397            000000000000000000000000000000000000
04164649930505202600000000000000083610001                                 00000000000000  000000000000000000000000000000000000000000000000000008361000                              17736479            000000000000000000000000000000000000
04162211730505202600000000000000052370001                                 00000000000000  000000000000000000000000000000000000000000000000000005237000                              7894442137263       000000000000000000000000000000000000
04080006160505202600000000000000094950001                                 00000000000000  000000000000000000000000000000000000000000000000000009495000                              17439401            000000000000000000000000000000000000
04007942570505202600000000000000106700001                                 00000000000000  000000000000000000000000000000000000000000000000000010670000                              7898242030144       000000000000000000000000000000000000
04118892450505202600000000000000013390001                                 00000000000000  000000000000000000000000000000000000000000000000000001339000                              17486027            000000000000000000000000000000000000
04103956290505202600000000000000050760001                                 00000000000000  000000000000000000000000000000000000000000000000000005076000                              7891000116043       000000000000000000000000000000000000
04073550860505202600000000000000020000001                                 00000000000000  000000000000000000000000000000000000000000000000000002000000                              7898019860288       000000000000000000000000000000000000
04070271140505202600000000000000019630001                                 00000000000000  000000000000000000000000000000000000000000000000000001963000                              17401217            000000000000000000000000000000000000
04149806200505202600000000000000136040001                                 00000000000000  000000000000000000000000000000000000000000000000000013604000                              17854680            000000000000000000000000000000000000
04081049630505202600000000000000010790001                                 00000000000000  000000000000000000000000000000000000000000000000000001079000                              17450013            000000000000000000000000000000000000
04072185360505202600000000000000052370001                                 00000000000000  000000000000000000000000000000000000000000000000000005237000                              7894442137218       000000000000000000000000000000000000
04150537060505202600000000000000069250001                                 00000000000000  000000000000000000000000000000000000000000000000000006925000                              17544241            000000000000000000000000000000000000
04141566360505202600000000000000013390001                                 00000000000000  000000000000000000000000000000000000000000000000000001339000                              17486027            000000000000000000000000000000000000
04161085120505202600000000000000049260001                                 00000000000000  000000000000000000000000000000000000000000000000000004926000                              7896006223337       000000000000000000000000000000000000
04093584690505202600000000000000102810001                                 00000000000000  000000000000000000000000000000000000000000000000000010281000                              17544246            000000000000000000000000000000000000
04079204060505202600000000000000069610001                                 00000000000000  000000000000000000000000000000000000000000000000000006961000                              17395451            000000000000000000000000000000000000
04069175460505202600000000000000011550001                                 00000000000000  000000000000000000000000000000000000000000000000000001155000                              17223926            000000000000000000000000000000000000
03994137900505202600000000000000009000001                                 00000000000000  000000000000000000000000000000000000000000000000000000900000                              7896029021798       000000000000000000000000000000000000
04163544300505202600000000000000069250001                                 00000000000000  000000000000000000000000000000000000000000000000000006925000                              17544241            000000000000000000000000000000000000
04073520930505202600000000000000049500001                                 00000000000000  000000000000000000000000000000000000000000000000000004950000                              17101458            000000000000000000000000000000000000
04121657960505202600000000000000013390001                                 00000000000000  000000000000000000000000000000000000000000000000000001339000                              17486027            000000000000000000000000000000000000
04128992490505202600000000000000013390001                                 00000000000000  000000000000000000000000000000000000000000000000000001339000                              17486027            000000000000000000000000000000000000
04161055960505202600000000000000076360001                                 00000000000000  000000000000000000000000000000000000000000000000000007636000                              7896029020491       000000000000000000000000000000000000
04093584640505202600000000000000069250001                                 00000000000000  000000000000000000000000000000000000000000000000000006925000                              17544241            000000000000000000000000000000000000
04090500150505202600000000000000021590001                                 00000000000000  000000000000000000000000000000000000000000000000000002159000                              7897614100249       000000000000000000000000000000000000
03993166150505202600000000000000009000001                                 00000000000000  000000000000000000000000000000000000000000000000000000900000                              7896029021798       000000000000000000000000000000000000
04163402460505202600000000000000094320001                                 00000000000000  000000000000000000000000000000000000000000000000000009432000                              17101664            000000000000000000000000000000000000
04145440000505202600000000000000009080001                                 00000000000000  000000000000000000000000000000000000000000000000000000908000                              17450015            000000000000000000000000000000000000
04118777790505202600000000000000009370001                                 00000000000000  000000000000000000000000000000000000000000000000000000937000                              17499866            000000000000000000000000000000000000
04072196080505202600000000000000077350001                                 00000000000000  000000000000000000000000000000000000000000000000000007735000                              17101452            000000000000000000000000000000000000
04103941480505202600000000000000013390001                                 00000000000000  000000000000000000000000000000000000000000000000000001339000                              17486027            000000000000000000000000000000000000
03990376580505202600000000000000000000001                                 00000000000000  000000000000000000000000000000000000000000000000000000000000                              17066078            000000000000000000000000000000000000
04163389870505202600000000000000002200001                                 00000000000000  000000000000000000000000000000000000000000000000000000220000                              17102473            000000000000000000000000000000000000
04076143100505202600000000000000005500001                                 00000000000000  000000000000000000000000000000000000000000000000000000550000                              17103860            000000000000000000000000000000000000
04071268210505202600000000000000009370001                                 00000000000000  000000000000000000000000000000000000000000000000000000937000                              17446002            000000000000000000000000000000000000
04165362210505202600000000000000106620001                                 00000000000000  000000000000000000000000000000000000000000000000000010662000                              17485683            000000000000000000000000000000000000
04160389940505202600000000000000116720001                                 00000000000000  000000000000000000000000000000000000000000000000000011672000                              17439397            000000000000000000000000000000000000
04072307370505202600000000000000087820001                                 00000000000000  000000000000000000000000000000000000000000000000000008782000                              7896803015388       000000000000000000000000000000000000
04098365590505202600000000000000116720001                                 00000000000000  000000000000000000000000000000000000000000000000000011672000                              17439397            000000000000000000000000000000000000
04133526880505202600000000000000010140001                                 00000000000000  000000000000000000000000000000000000000000000000000001014000                              17540546            000000000000000000000000000000000000
04103971620505202600000000000000101670001                                 00000000000000  000000000000000000000000000000000000000000000000000010167000                              17607556            000000000000000000000000000000000000
04076122750505202600000000000000345000001                                 00000000000000  000000000000000000000000000000000000000000000000000034500000                              17101739            000000000000000000000000000000000000
04150768610505202600000000000000069250001                                 00000000000000  000000000000000000000000000000000000000000000000000006925000                              17544241            000000000000000000000000000000000000
04164313510505202600000000000000050760001                                 00000000000000  000000000000000000000000000000000000000000000000000005076000                              7891000116043       000000000000000000000000000000000000
04072377910505202600000000000000014000001                                 00000000000000  000000000000000000000000000000000000000000000000000001400000                              7896061000409       000000000000000000000000000000000000
04131482370505202600000000000000010140001                                 00000000000000  000000000000000000000000000000000000000000000000000001014000                              17486029            000000000000000000000000000000000000
04118591060505202600000000000000010400001                                 00000000000000  000000000000000000000000000000000000000000000000000001040000                              17103659            000000000000000000000000000000000000
04124049800505202600000000000000015990001                                 00000000000000  000000000000000000000000000000000000000000000000000001599000                              17667078            000000000000000000000000000000000000
04083815470505202600000000000000009370001                                 00000000000000  000000000000000000000000000000000000000000000000000000937000                              17493145            000000000000000000000000000000000000
04072185430505202600000000000000052370001                                 00000000000000  000000000000000000000000000000000000000000000000000005237000                              7894442137263       000000000000000000000000000000000000
04161102920505202600000000000000096870001                                 00000000000000  000000000000000000000000000000000000000000000000000009687000                              17101457            000000000000000000000000000000000000
04136756660505202600000000000000111680001                                 00000000000000  000000000000000000000000000000000000000000000000000011168000                              17446039            000000000000000000000000000000000000
04011008740505202600000000000000265000001                                 00000000000000  000000000000000000000000000000000000000000000000000026500000                              7898242032230       000000000000000000000000000000000000
04131466210505202600000000000000070120001                                 00000000000000  000000000000000000000000000000000000000000000000000007012000                              17607554            000000000000000000000000000000000000
04128135060505202600000000000000052370001                                 00000000000000  000000000000000000000000000000000000000000000000000005237000                              7894442137218       000000000000000000000000000000000000
04073553970505202600000000000000028000001                                 00000000000000  000000000000000000000000000000000000000000000000000002800000                              7898079240419       000000000000000000000000000000000000
04072185100505202600000000000000179020001                                 00000000000000  000000000000000000000000000000000000000000000000000017902000                              7898049712809       000000000000000000000000000000000000
04161100040505202600000000000000071230001                                 00000000000000  000000000000000000000000000000000000000000000000000007123000                              17439399            000000000000000000000000000000000000
04093641620505202600000000000000116720001                                 00000000000000  000000000000000000000000000000000000000000000000000011672000                              17439397            000000000000000000000000000000000000
04162209050505202600000000000000092260001                                 00000000000000  000000000000000000000000000000000000000000000000000009226000                              17854677            000000000000000000000000000000000000
04007926650505202600000000000000106700001                                 00000000000000  000000000000000000000000000000000000000000000000000010670000                              7898242030144       000000000000000000000000000000000000
04131431660505202600000000000000011180001                                 00000000000000  000000000000000000000000000000000000000000000000000001118000                              17607519            000000000000000000000000000000000000
04014037750505202600000000000000011550001                                 00000000000000  000000000000000000000000000000000000000000000000000001155000                              17223926            000000000000000000000000000000000000
04114185910505202600000000000000009080001                                 00000000000000  000000000000000000000000000000000000000000000000000000908000                              17450015            000000000000000000000000000000000000
04104929830505202600000000000000009370001                                 00000000000000  000000000000000000000000000000000000000000000000000000937000                              17446002            000000000000000000000000000000000000
04072185330505202600000000000000052370001                                 00000000000000  000000000000000000000000000000000000000000000000000005237000                              7894442137201       000000000000000000000000000000000000
04071273600505202600000000000000111680001                                 00000000000000  000000000000000000000000000000000000000000000000000011168000                              17446039            000000000000000000000000000000000000
04065758280505202600000000000000119560001                                 00000000000000  000000000000000000000000000000000000000000000000000011956000                              7896029077245       000000000000000000000000000000000000
04161056670505202600000000000000047630001                                 00000000000000  000000000000000000000000000000000000000000000000000004763000                              7896029046777       000000000000000000000000000000000000
04093584660505202600000000000000101140001                                 00000000000000  000000000000000000000000000000000000000000000000000010114000                              17544243            000000000000000000000000000000000000
04084826590505202600000000000000086560001                                 00000000000000  000000000000000000000000000000000000000000000000000008656000                              17499670            000000000000000000000000000000000000
04072238350505202600000000000000075000001                                 00000000000000  000000000000000000000000000000000000000000000000000007500000                              17101504            000000000000000000000000000000000000
03993437130505202600000000000000002070001                                 00000000000000  000000000000000000000000000000000000000000000000000000207000                              7898934595463       000000000000000000000000000000000000
04073497270505202600000000000000094950001                                 00000000000000  000000000000000000000000000000000000000000000000000009495000                              17439401            000000000000000000000000000000000000
04114173620505202600000000000000101670001                                 00000000000000  000000000000000000000000000000000000000000000000000010167000                              17607556            000000000000000000000000000000000000
04158998700505202600000000000000069610001                                 00000000000000  000000000000000000000000000000000000000000000000000006961000                              17395451            000000000000000000000000000000000000
04128234420505202600000000000000061070001                                 00000000000000  000000000000000000000000000000000000000000000000000006107000                              7898053779966       000000000000000000000000000000000000
04081035110505202600000000000000265000001                                 00000000000000  000000000000000000000000000000000000000000000000000026500000                              7898242032230       000000000000000000000000000000000000
04124610660505202600000000000000013390001                                 00000000000000  000000000000000000000000000000000000000000000000000001339000                              17486027            000000000000000000000000000000000000
04103944040505202600000000000000070120001                                 00000000000000  000000000000000000000000000000000000000000000000000007012000                              17607554            000000000000000000000000000000000000
04084859630505202600000000000000013390001                                 00000000000000  000000000000000000000000000000000000000000000000000001339000                              17486027            000000000000000000000000000000000000
03992713720505202600000000000000129900001                                 00000000000000  000000000000000000000000000000000000000000000000000012990000                              7898486880093       000000000000000000000000000000000000
04126079510505202600000000000000009370001                                 00000000000000  000000000000000000000000000000000000000000000000000000937000                              17446002            000000000000000000000000000000000000
04069196720505202600000000000000019630001                                 00000000000000  000000000000000000000000000000000000000000000000000001963000                              17401217            000000000000000000000000000000000000
04081018610505202600000000000000116720001                                 00000000000000  000000000000000000000000000000000000000000000000000011672000                              17439397            000000000000000000000000000000000000
04100755490505202600000000000000071230001                                 00000000000000  000000000000000000000000000000000000000000000000000007123000                              17439399            000000000000000000000000000000000000
04077800400505202600000000000000079900001                                 00000000000000  000000000000000000000000000000000000000000000000000007990000                              7898242030151       000000000000000000000000000000000000
04072195840505202600000000000000066000001                                 00000000000000  000000000000000000000000000000000000000000000000000006600000                              17101443            000000000000000000000000000000000000
04066790390505202600000000000000069610001                                 00000000000000  000000000000000000000000000000000000000000000000000006961000                              17395451            000000000000000000000000000000000000
04103938260505202600000000000000011180001                                 00000000000000  000000000000000000000000000000000000000000000000000001118000                              17607519            000000000000000000000000000000000000
04163387100505202600000000000000081720001                                 00000000000000  000000000000000000000000000000000000000000000000000008172000                              17102451            000000000000000000000000000000000000
04130610160505202600000000000000007440001                                 00000000000000  000000000000000000000000000000000000000000000000000000744000                              17103766            000000000000000000000000000000000000
04126074490505202600000000000000010140001                                 00000000000000  000000000000000000000000000000000000000000000000000001014000                              17486029            000000000000000000000000000000000000
04084920460505202600000000000000009370001                                 00000000000000  000000000000000000000000000000000000000000000000000000937000                              17499866            000000000000000000000000000000000000
04076131940505202600000000000000195000001                                 00000000000000  000000000000000000000000000000000000000000000000000019500000                              17101741            000000000000000000000000000000000000
04080784610505202600000000000000002600001                                 00000000000000  000000000000000000000000000000000000000000000000000000260000                              17103657            000000000000000000000000000000000000
04112830680505202600000000000000250280001                                 00000000000000  000000000000000000000000000000000000000000000000000025028000                              7898344752852       000000000000000000000000000000000000
04130590870505202600000000000000029780001                                 00000000000000  000000000000000000000000000000000000000000000000000002978000                              17102403            000000000000000000000000000000000000
04080030310505202600000000000000061070001                                 00000000000000  000000000000000000000000000000000000000000000000000006107000                              7898053779966       000000000000000000000000000000000000
04133463880505202600000000000000086560001                                 00000000000000  000000000000000000000000000000000000000000000000000008656000                              17499670            000000000000000000000000000000000000
04103971590505202600000000000000102810001                                 00000000000000  000000000000000000000000000000000000000000000000000010281000                              17544246            000000000000000000000000000000000000
04104971530505202600000000000000013390001                                 00000000000000  000000000000000000000000000000000000000000000000000001339000                              17486027            000000000000000000000000000000000000
04070322630505202600000000000000116720001                                 00000000000000  000000000000000000000000000000000000000000000000000011672000                              17439397            000000000000000000000000000000000000
04071275740505202600000000000000010900001                                 00000000000000  000000000000000000000000000000000000000000000000000001090000                              17446063            000000000000000000000000000000000000
04094862820505202600000000000000037040001                                 00000000000000  000000000000000000000000000000000000000000000000000003704000                              17103424            000000000000000000000000000000000000
04136919210505202600000000000000010900001                                 00000000000000  000000000000000000000000000000000000000000000000000001090000                              17446063            000000000000000000000000000000000000
04165362170505202600000000000000009370001                                 00000000000000  000000000000000000000000000000000000000000000000000000937000                              17540536            000000000000000000000000000000000000
04011010020505202600000000000000265000001                                 00000000000000  000000000000000000000000000000000000000000000000000026500000                              7898242032230       000000000000000000000000000000000000
04092718230505202600000000000000009370001                                 00000000000000  000000000000000000000000000000000000000000000000000000937000                              17540536            000000000000000000000000000000000000
04121741950505202600000000000000101670001                                 00000000000000  000000000000000000000000000000000000000000000000000010167000                              17607556            000000000000000000000000000000000000
04072185130505202600000000000000061070001                                 00000000000000  000000000000000000000000000000000000000000000000000006107000                              7898053779966       000000000000000000000000000000000000
04070318820505202600000000000000116720001                                 00000000000000  000000000000000000000000000000000000000000000000000011672000                              17439397            000000000000000000000000000000000000
04092722500505202600000000000000013390001                                 00000000000000  000000000000000000000000000000000000000000000000000001339000                              17486027            000000000000000000000000000000000000
04161101360505202600000000000000078330001                                 00000000000000  000000000000000000000000000000000000000000000000000007833000                              17544244            000000000000000000000000000000000000
04164646250505202600000000000000103750001                                 00000000000000  000000000000000000000000000000000000000000000000000010375000                              17607555            000000000000000000000000000000000000
04162211720505202600000000000000069250001                                 00000000000000  000000000000000000000000000000000000000000000000000006925000                              17544241            000000000000000000000000000000000000
04072325420505202600000000000000010790001                                 00000000000000  000000000000000000000000000000000000000000000000000001079000                              17450013            000000000000000000000000000000000000
04007941820505202600000000000000234050001                                 00000000000000  000000000000000000000000000000000000000000000000000023405000                              17104327            000000000000000000000000000000000000
04118892440505202600000000000000013390001                                 00000000000000  000000000000000000000000000000000000000000000000000001339000                              17486027            000000000000000000000000000000000000
04131431680505202600000000000000103750001                                 00000000000000  000000000000000000000000000000000000000000000000000010375000                              17607555            000000000000000000000000000000000000
04103956280505202600000000000000050760001                                 00000000000000  000000000000000000000000000000000000000000000000000005076000                              7891000116043       000000000000000000000000000000000000
04073549910505202600000000000000019900001                                 00000000000000  000000000000000000000000000000000000000000000000000001990000                              7898019860585       000000000000000000000000000000000000
04104937540505202600000000000000010900001                                 00000000000000  000000000000000000000000000000000000000000000000000001090000                              17446063            000000000000000000000000000000000000
04139966810505202600000000000000019500001                                 00000000000000  000000000000000000000000000000000000000000000000000001950000                              17446062            000000000000000000000000000000000000
04072185350505202600000000000000052370001                                 00000000000000  000000000000000000000000000000000000000000000000000005237000                              7894442137218       000000000000000000000000000000000000
04141566350505202600000000000000009080001                                 00000000000000  000000000000000000000000000000000000000000000000000000908000                              17450015            000000000000000000000000000000000000
04161084620505202600000000000000018000001                                 00000000000000  000000000000000000000000000000000000000000000000000001800000                              7898251510163       000000000000000000000000000000000000
04072290020505202600000000000000052370001                                 00000000000000  000000000000000000000000000000000000000000000000000005237000                              7894442137201       000000000000000000000000000000000000
04072322520505202600000000000000063050001                                 00000000000000  000000000000000000000000000000000000000000000000000006305000                              7898250781496       000000000000000000000000000000000000
04069175450505202600000000000000011550001                                 00000000000000  000000000000000000000000000000000000000000000000000001155000                              17223926            000000000000000000000000000000000000
03993797710505202600000000000000009000001                                 00000000000000  000000000000000000000000000000000000000000000000000000900000                              7896029021798       000000000000000000000000000000000000
04073519030505202600000000000000004000001                                 00000000000000  000000000000000000000000000000000000000000000000000000400000                              7896428814663       000000000000000000000000000000000000
04014037720505202600000000000000010790001                                 00000000000000  000000000000000000000000000000000000000000000000000001079000                              17223925            000000000000000000000000000000000000
04080426250505202600000000000000090320001                                 00000000000000  000000000000000000000000000000000000000000000000000009032000                              7908747903024       000000000000000000000000000000000000
04081037380505202600000000000000013390001                                 00000000000000  000000000000000000000000000000000000000000000000000001339000                              17486027            000000000000000000000000000000000000
04161045550505202600000000000000052270001                                 00000000000000  000000000000000000000000000000000000000000000000000005227000                              7896029046746       000000000000000000000000000000000000
04090500140505202600000000000000021590001                                 00000000000000  000000000000000000000000000000000000000000000000000002159000                              7897614100249       000000000000000000000000000000000000
04084780940505202600000000000000013390001                                 00000000000000  000000000000000000000000000000000000000000000000000001339000                              17486027            000000000000000000000000000000000000
04103944060505202600000000000000101670001                                 00000000000000  000000000000000000000000000000000000000000000000000010167000                              17607556            000000000000000000000000000000000000
04084859650505202600000000000000009370001                                 00000000000000  000000000000000000000000000000000000000000000000000000937000                              17499866            000000000000000000000000000000000000
03993137760505202600000000000000009000001                                 00000000000000  000000000000000000000000000000000000000000000000000000900000                              7896029021798       000000000000000000000000000000000000
04143110180505202600000000000000015990001                                 00000000000000  000000000000000000000000000000000000000000000000000001599000                              17667078            000000000000000000000000000000000000
04130619760505202600000000000000019900001                                 00000000000000  000000000000000000000000000000000000000000000000000001990000                              7898019860585       000000000000000000000000000000000000
04126084790505202600000000000000070120001                                 00000000000000  000000000000000000000000000000000000000000000000000007012000                              17607554            000000000000000000000000000000000000
04080301590505202600000000000000106620001                                 00000000000000  000000000000000000000000000000000000000000000000000010662000                              17485683            000000000000000000000000000000000000
04084885520505202600000000000000305340001                                 00000000000000  000000000000000000000000000000000000000000000000000030534000                              7891835504077       000000000000000000000000000000000000
04104069770505202600000000000000013390001                                 00000000000000  000000000000000000000000000000000000000000000000000001339000                              17486027            000000000000000000000000000000000000
04128234390505202600000000000000069250001                                 00000000000000  000000000000000000000000000000000000000000000000000006925000                              17544241            000000000000000000000000000000000000
04054189630505202600000000000000011550001                                 00000000000000  000000000000000000000000000000000000000000000000000001155000                              17223926            000000000000000000000000000000000000
04072195860505202600000000000000019000001                                 00000000000000  000000000000000000000000000000000000000000000000000001900000                              7000833966002       000000000000000000000000000000000000
04163388700505202600000000000000065240001                                 00000000000000  000000000000000000000000000000000000000000000000000006524000                              17102452            000000000000000000000000000000000000
04126074510505202600000000000000011180001                                 00000000000000  000000000000000000000000000000000000000000000000000001118000                              17607519            000000000000000000000000000000000000
04149806090505202600000000000000092260001                                 00000000000000  000000000000000000000000000000000000000000000000000009226000                              17854677            000000000000000000000000000000000000
04134523660505202600000000000000102810001                                 00000000000000  000000000000000000000000000000000000000000000000000010281000                              17544246            000000000000000000000000000000000000
04076135250505202600000000000000423000001                                 00000000000000  000000000000000000000000000000000000000000000000000042300000                              17101738            000000000000000000000000000000000000
04118608300505202600000000000000018990001                                 00000000000000  000000000000000000000000000000000000000000000000000001899000                              17103671            000000000000000000000000000000000000
04165362200505202600000000000000111680001                                 00000000000000  000000000000000000000000000000000000000000000000000011168000                              17446039            000000000000000000000000000000000000
04066790360505202600000000000000087130001                                 00000000000000  000000000000000000000000000000000000000000000000000008713000                              17395448            000000000000000000000000000000000000
04167761280505202600000000000000101670001                                 00000000000000  000000000000000000000000000000000000000000000000000010167000                              17607556            000000000000000000000000000000000000
04161119260505202600000000000000021590001                                 00000000000000  000000000000000000000000000000000000000000000000000002159000                              7897614100249       000000000000000000000000000000000000
04090565420505202600000000000000013390001                                 00000000000000  000000000000000000000000000000000000000000000000000001339000                              17486027            000000000000000000000000000000000000
04072307360505202600000000000000087820001                                 00000000000000  000000000000000000000000000000000000000000000000000008782000                              7896803015388       000000000000000000000000000000000000
04153668250505202600000000000000069610001                                 00000000000000  000000000000000000000000000000000000000000000000000006961000                              17395451            000000000000000000000000000000000000
04084904790505202600000000000000013390001                                 00000000000000  000000000000000000000000000000000000000000000000000001339000                              17486027            000000000000000000000000000000000000
04076122550505202600000000000000312000001                                 00000000000000  000000000000000000000000000000000000000000000000000031200000                              17101735            000000000000000000000000000000000000
04141505160505202600000000000000071230001                                 00000000000000  000000000000000000000000000000000000000000000000000007123000                              17439399            000000000000000000000000000000000000
04103320620505202600000000000000010140001                                 00000000000000  000000000000000000000000000000000000000000000000000001014000                              17486029            000000000000000000000000000000000000
04136952470505202600000000000000010900001                                 00000000000000  000000000000000000000000000000000000000000000000000001090000                              17446063            000000000000000000000000000000000000
04091714960505202600000000000000009370001                                 00000000000000  000000000000000000000000000000000000000000000000000000937000                              17493145            000000000000000000000000000000000000
04080022130505202600000000000000179020001                                 00000000000000  000000000000000000000000000000000000000000000000000017902000                              7898049712809       000000000000000000000000000000000000
04131482360505202600000000000000070120001                                 00000000000000  000000000000000000000000000000000000000000000000000007012000                              17607554            000000000000000000000000000000000000
04022789760505202600000000000000010790001                                 00000000000000  000000000000000000000000000000000000000000000000000001079000                              17223925            000000000000000000000000000000000000
04070318840505202600000000000000071230001                                 00000000000000  000000000000000000000000000000000000000000000000000007123000                              17439399            000000000000000000000000000000000000
04072185420505202600000000000000052370001                                 00000000000000  000000000000000000000000000000000000000000000000000005237000                              7894442137256       000000000000000000000000000000000000
04141576530505202600000000000000101140001                                 00000000000000  000000000000000000000000000000000000000000000000000010114000                              17544243            000000000000000000000000000000000000
04161102610505202600000000000000167970001                                 00000000000000  000000000000000000000000000000000000000000000000000016797000                              17101456            000000000000000000000000000000000000
04090516130505202600000000000000021590001                                 00000000000000  000000000000000000000000000000000000000000000000000002159000                              7897614100249       000000000000000000000000000000000000
04071473150505202600000000000000116720001                                 00000000000000  000000000000000000000000000000000000000000000000000011672000                              17439397            000000000000000000000000000000000000
04164649940505202600000000000000083610001                                 00000000000000  000000000000000000000000000000000000000000000000000008361000                              17736479            000000000000000000000000000000000000
04126036370505202600000000000000010140001                                 00000000000000  000000000000000000000000000000000000000000000000000001014000                              17540546            000000000000000000000000000000000000
04072325440505202600000000000000009080001                                 00000000000000  000000000000000000000000000000000000000000000000000000908000                              17450015            000000000000000000000000000000000000
04118892460505202600000000000000015990001                                 00000000000000  000000000000000000000000000000000000000000000000000001599000                              17667078            000000000000000000000000000000000000
04080406830505202600000000000000013390001                                 00000000000000  000000000000000000000000000000000000000000000000000001339000                              17486027            000000000000000000000000000000000000
04080777610505202600000000000000095150001                                 00000000000000  000000000000000000000000000000000000000000000000000009515000                              17101453            000000000000000000000000000000000000
04092719530505202600000000000000010140001                                 00000000000000  000000000000000000000000000000000000000000000000000001014000                              17540546            000000000000000000000000000000000000
04161099900505202600000000000000070120001                                 00000000000000  000000000000000000000000000000000000000000000000000007012000                              17607554            000000000000000000000000000000000000
04093641610505202600000000000000010140001                                 00000000000000  000000000000000000000000000000000000000000000000000001014000                              17486029            000000000000000000000000000000000000
04134974330505202600000000000000013390001                                 00000000000000  000000000000000000000000000000000000000000000000000001339000                              17486027            000000000000000000000000000000000000
04130583060505202600000000000000083610001                                 00000000000000  000000000000000000000000000000000000000000000000000008361000                              17736479            000000000000000000000000000000000000
04079204070505202600000000000000116720001                                 00000000000000  000000000000000000000000000000000000000000000000000011672000                              17439397            000000000000000000000000000000000000
03994142180505202600000000000000009000001                                 00000000000000  000000000000000000000000000000000000000000000000000000900000                              7896029021798       000000000000000000000000000000000000
04163544310505202600000000000000069250001                                 00000000000000  000000000000000000000000000000000000000000000000000006925000                              17544241            000000000000000000000000000000000000
04073547700505202600000000000000037000001                                 00000000000000  000000000000000000000000000000000000000000000000000003700000                              17104544            000000000000000000000000000000000000
04121657970505202600000000000000015990001                                 00000000000000  000000000000000000000000000000000000000000000000000001599000                              17667078            000000000000000000000000000000000000
04104920410505202600000000000000116720001                                 00000000000000  000000000000000000000000000000000000000000000000000011672000                              17439397            000000000000000000000000000000000000
04138831030505202600000000000000070120001                                 00000000000000  000000000000000000000000000000000000000000000000000007012000                              17607554            000000000000000000000000000000000000
04128992500505202600000000000000013390001                                 00000000000000  000000000000000000000000000000000000000000000000000001339000                              17486027            000000000000000000000000000000000000
04161056320505202600000000000000003000001                                 00000000000000  000000000000000000000000000000000000000000000000000000300000                              7896029046623       000000000000000000000000000000000000
04097522850505202600000000000000078330001                                 00000000000000  000000000000000000000000000000000000000000000000000007833000                              17544244            000000000000000000000000000000000000
03993429110505202600000000000000002070001                                 00000000000000  000000000000000000000000000000000000000000000000000000207000                              7898934595463       000000000000000000000000000000000000
04130620470505202600000000000000019900001                                 00000000000000  000000000000000000000000000000000000000000000000000001990000                              7898019860585       000000000000000000000000000000000000
04145440010505202600000000000000009080001                                 00000000000000  000000000000000000000000000000000000000000000000000000908000                              17450015            000000000000000000000000000000000000
04097516110505202600000000000000116720001                                 00000000000000  000000000000000000000000000000000000000000000000000011672000                              17439397            000000000000000000000000000000000000
03990378870505202600000000000000000000001                                 00000000000000  000000000000000000000000000000000000000000000000000000000000                              17066078            000000000000000000000000000000000000
04137712210505202600000000000000010140001                                 00000000000000  000000000000000000000000000000000000000000000000000001014000                              17770179            000000000000000000000000000000000000
04163390500505202600000000000000082170001                                 00000000000000  000000000000000000000000000000000000000000000000000008217000                              17102474            000000000000000000000000000000000000
04073466680505202600000000000000063050001                                 00000000000000  000000000000000000000000000000000000000000000000000006305000                              7898250781496       000000000000000000000000000000000000
04104018350505202600000000000000069250001                                 00000000000000  000000000000000000000000000000000000000000000000000006925000                              17544241            000000000000000000000000000000000000
04137903820505202600000000000000015990001                                 00000000000000  000000000000000000000000000000000000000000000000000001599000                              17667078            000000000000000000000000000000000000
04072195530505202600000000000000001600001                                 00000000000000  000000000000000000000000000000000000000000000000000000160000                              17101442            000000000000000000000000000000000000
04077863040505202600000000000000094950001                                 00000000000000  000000000000000000000000000000000000000000000000000009495000                              17439401            000000000000000000000000000000000000
04137004920505202600000000000000010900001                                 00000000000000  000000000000000000000000000000000000000000000000000001090000                              17446063            000000000000000000000000000000000000
04084920450505202600000000000000116720001                                 00000000000000  000000000000000000000000000000000000000000000000000011672000                              17439397            000000000000000000000000000000000000
04073681070505202600000000000000009080001                                 00000000000000  000000000000000000000000000000000000000000000000000000908000                              17450015            000000000000000000000000000000000000
04076131650505202600000000000000260000001                                 00000000000000  000000000000000000000000000000000000000000000000000026000000                              17101742            000000000000000000000000000000000000
04118603450505202600000000000000015500001                                 00000000000000  000000000000000000000000000000000000000000000000000001550000                              17103668            000000000000000000000000000000000000
04083839110505202600000000000000116720001                                 00000000000000  000000000000000000000000000000000000000000000000000011672000                              17439397            000000000000000000000000000000000000
04112830670505202600000000000000250280001                                 00000000000000  000000000000000000000000000000000000000000000000000025028000                              7898344752852       000000000000000000000000000000000000
04136975720505202600000000000000010900001                                 00000000000000  000000000000000000000000000000000000000000000000000001090000                              17446063            000000000000000000000000000000000000
04147423010505202600000000000000106620001                                 00000000000000  000000000000000000000000000000000000000000000000000010662000                              17485683            000000000000000000000000000000000000
04137847760505202600000000000000019500001                                 00000000000000  000000000000000000000000000000000000000000000000000001950000                              17446062            000000000000000000000000000000000000
04134518140505202600000000000000013390001                                 00000000000000  000000000000000000000000000000000000000000000000000001339000                              17486027            000000000000000000000000000000000000
04070318860505202600000000000000094950001                                 00000000000000  000000000000000000000000000000000000000000000000000009495000                              17439401            000000000000000000000000000000000000
04118591880505202600000000000000012930001                                 00000000000000  000000000000000000000000000000000000000000000000000001293000                              17103660            000000000000000000000000000000000000
04072185440505202600000000000000052370001                                 00000000000000  000000000000000000000000000000000000000000000000000005237000                              7894442137263       000000000000000000000000000000000000
04071275730505202600000000000000019500001                                 00000000000000  000000000000000000000000000000000000000000000000000001950000                              17446062            000000000000000000000000000000000000
04142806740505202600000000000000010140001                                 00000000000000  000000000000000000000000000000000000000000000000000001014000                              17770179            000000000000000000000000000000000000
04166630710505202600000000000000136040001                                 00000000000000  000000000000000000000000000000000000000000000000000013604000                              17854680            000000000000000000000000000000000000
04161103210505202600000000000000101140001                                 00000000000000  000000000000000000000000000000000000000000000000000010114000                              17544243            000000000000000000000000000000000000
04165362160505202600000000000000009370001                                 00000000000000  000000000000000000000000000000000000000000000000000000937000                              17540536            000000000000000000000000000000000000
04011009450505202600000000000000265000001                                 00000000000000  000000000000000000000000000000000000000000000000000026500000                              7898242032230       000000000000000000000000000000000000
04080406850505202600000000000000010140001                                 00000000000000  000000000000000000000000000000000000000000000000000001014000                              17486029            000000000000000000000000000000000000
04072185120505202600000000000000061070001                                 00000000000000  000000000000000000000000000000000000000000000000000006107000                              7898053779966       000000000000000000000000000000000000
04092722490505202600000000000000013390001                                 00000000000000  000000000000000000000000000000000000000000000000000001339000                              17486027            000000000000000000000000000000000000
04161100900505202600000000000000102810001                                 00000000000000  000000000000000000000000000000000000000000000000000010281000                              17544246            000000000000000000000000000000000000
04069049010505202600000000000000265000001                                 00000000000000  000000000000000000000000000000000000000000000000000026500000                              7898242032230       000000000000000000000000000000000000
04164646240505202600000000000000094950001                                 00000000000000  000000000000000000000000000000000000000000000000000009495000                              17439401            000000000000000000000000000000000000
04162209060505202600000000000000069610001                                 00000000000000  000000000000000000000000000000000000000000000000000006961000                              17395451            000000000000000000000000000000000000
04007935600505202600000000000000234050001                                 00000000000000  000000000000000000000000000000000000000000000000000023405000                              17104327            000000000000000000000000000000000000
04163555000505202600000000000000087820001                                 00000000000000  000000000000000000000000000000000000000000000000000008782000                              7896803015388       000000000000000000000000000000000000
04131431670505202600000000000000101670001                                 00000000000000  000000000000000000000000000000000000000000000000000010167000                              17607556            000000000000000000000000000000000000
04090583610505202600000000010000179680001                                 00000000000000  000000000000000000000000000000000000000000000000000017968000                              17526070            000000000000000000000000000000000000
04084885560505202600000000010000093540001                                 00000000000000  000000000000000000000000000000000000000000000000000009354000                              7891835612086       000000000000000000000000000000000000
04137718950505202600000000010000059590001                                 00000000000000  000000000000000000000000000000000000000000000000000005959000                              7894442138260       000000000000000000000000000000000000
04098498280505202600000000010000362370001                                 00000000000000  000000000000000000000000000000000000000000000000000036237000                              7898950988607       000000000000000000000000000000000000
04164231850505202600000000010000022590001                                 00000000000000  000000000000000000000000000000000000000000000000000002259000                              7894442169776       000000000000000000000000000000000000
04164246950505202600000000010000045180001                                 00000000000000  000000000000000000000000000000000000000000000000000004518000                              7891000116036       000000000000000000000000000000000000
04118886360505202600000000010000211120001                                 00000000000000  000000000000000000000000000000000000000000000000000021112000                              7898323002251       000000000000000000000000000000000000
04084885510505202600000000010000305310001                                 00000000000000  000000000000000000000000000000000000000000000000000030531000                              7891835504060       000000000000000000000000000000000000
04073474830505202600000000010000110850001                                 00000000000000  000000000000000000000000000000000000000000000000000011085000                              7898076702408       000000000000000000000000000000000000
04069194670505202600000000010000110850001                                 00000000000000  000000000000000000000000000000000000000000000000000011085000                              7898076702408       000000000000000000000000000000000000
04134278850505202600000000010000175520001                                 00000000000000  000000000000000000000000000000000000000000000000000017552000                              7897348201090       000000000000000000000000000000000000
04073698340505202600000000010000233140001                                 00000000000000  000000000000000000000000000000000000000000000000000023314000                              7898049719419       000000000000000000000000000000000000
04069199910505202600000000010000010640001                                 00000000000000  000000000000000000000000000000000000000000000000000001064000                              17401215            000000000000000000000000000000000000
04104995560505202600000000010000318650001                                 00000000000000  000000000000000000000000000000000000000000000000000031865000                              7898659784845       000000000000000000000000000000000000
04118633360505202600000000010000017900001                                 00000000000000  000000000000000000000000000000000000000000000000000001790000                              17401216            000000000000000000000000000000000000
04112889310505202600000000010000233140001                                 00000000000000  000000000000000000000000000000000000000000000000000023314000                              7898049719419       000000000000000000000000000000000000
04084885460505202600000000010000106210001                                 00000000000000  000000000000000000000000000000000000000000000000000010621000                              7891835648986       000000000000000000000000000000000000
04137718850505202600000000010000137640001                                 00000000000000  000000000000000000000000000000000000000000000000000013764000                              7896720321012       000000000000000000000000000000000000
04104995510505202600000000010000108610001                                 00000000000000  000000000000000000000000000000000000000000000000000010861000                              7898659784074       000000000000000000000000000000000000
04098519920505202600000000010000362370001                                 00000000000000  000000000000000000000000000000000000000000000000000036237000                              7898950988607       000000000000000000000000000000000000
04072185190505202600000000010000050750001                                 00000000000000  000000000000000000000000000000000000000000000000000005075000                              7898947160467       000000000000000000000000000000000000
04124589450505202600000000010000017900001                                 00000000000000  000000000000000000000000000000000000000000000000000001790000                              17401216            000000000000000000000000000000000000
04112830700505202600000000010000288970001                                 00000000000000  000000000000000000000000000000000000000000000000000028897000                              7898344752876       000000000000000000000000000000000000
04124622530505202600000000010000049800001                                 00000000000000  000000000000000000000000000000000000000000000000000004980000                              7890557699504       000000000000000000000000000000000000
04080414890505202600000000010000089060001                                 00000000000000  000000000000000000000000000000000000000000000000000008906000                              7898031811176       000000000000000000000000000000000000
04069194890505202600000000010000103190001                                 00000000000000  000000000000000000000000000000000000000000000000000010319000                              7898185262091       000000000000000000000000000000000000
04072185140505202600000000010000151900001                                 00000000000000  000000000000000000000000000000000000000000000000000015190000                              17898692160054      000000000000000000000000000000000000
04087034430505202600000000010000089060001                                 00000000000000  000000000000000000000000000000000000000000000000000008906000                              7898031811176       000000000000000000000000000000000000
04118875410505202600000000010000088560001                                 00000000000000  000000000000000000000000000000000000000000000000000008856000                              7899828224964       000000000000000000000000000000000000
04084950540505202600000000010000102490001                                 00000000000000  000000000000000000000000000000000000000000000000000010249000                              17500222            000000000000000000000000000000000000
04070318830505202600000000010000100150001                                 00000000000000  000000000000000000000000000000000000000000000000000010015000                              17439398            000000000000000000000000000000000000
04107174620505202600000000010000780110001                                 00000000000000  000000000000000000000000000000000000000000000000000078011000                              7898731030426       000000000000000000000000000000000000
04139980340505202600000000010000100150001                                 00000000000000  000000000000000000000000000000000000000000000000000010015000                              17439398            000000000000000000000000000000000000
04164231970505202600000000010000152060001                                 00000000000000  000000000000000000000000000000000000000000000000000015206000                              7894442707633       000000000000000000000000000000000000
04086983620505202600000000010000362370001                                 00000000000000  000000000000000000000000000000000000000000000000000036237000                              7898950988607       000000000000000000000000000000000000
04118875360505202600000000010000195090001                                 00000000000000  000000000000000000000000000000000000000000000000000019509000                              7898006194365       000000000000000000000000000000000000
04084950490505202600000000010000030220001                                 00000000000000  000000000000000000000000000000000000000000000000000003022000                              7898901045052       000000000000000000000000000000000000
04084885580505202600000000010000093540001                                 00000000000000  000000000000000000000000000000000000000000000000000009354000                              7891835612062       000000000000000000000000000000000000
04146499660505202600000000010000011050001                                 00000000000000  000000000000000000000000000000000000000000000000000001105000                              17821156            000000000000000000000000000000000000
04159003410505202600000000010000059590001                                 00000000000000  000000000000000000000000000000000000000000000000000005959000                              7894442138260       000000000000000000000000000000000000
04084950440505202600000000010000341880001                                 00000000000000  000000000000000000000000000000000000000000000000000034188000                              57898121840159      000000000000000000000000000000000000
04072185310505202600000000010000021150001                                 00000000000000  000000000000000000000000000000000000000000000000000002115000                              7898586870222       000000000000000000000000000000000000
04118886380505202600000000010000189280001                                 00000000000000  000000000000000000000000000000000000000000000000000018928000                              7898323016012       000000000000000000000000000000000000
04103949780505202600000000010000147010001                                 00000000000000  000000000000000000000000000000000000000000000000000014701000                              7894442095167       000000000000000000000000000000000000
04112889330505202600000000010000277570001                                 00000000000000  000000000000000000000000000000000000000000000000000027757000                              7898049719426       000000000000000000000000000000000000
04084885480505202600000000010000106210001                                 00000000000000  000000000000000000000000000000000000000000000000000010621000                              7891835674299       000000000000000000000000000000000000
04073698310505202600000000010000385670001                                 00000000000000  000000000000000000000000000000000000000000000000000038567000                              7898049719440       000000000000000000000000000000000000
04084950610505202600000000010000051280001                                 00000000000000  000000000000000000000000000000000000000000000000000005128000                              7898994318743       000000000000000000000000000000000000
04118613890505202600000000010000017900001                                 00000000000000  000000000000000000000000000000000000000000000000000001790000                              17401216            000000000000000000000000000000000000
04164244730505202600000000010000020260001                                 00000000000000  000000000000000000000000000000000000000000000000000002026000                              7891031412091       000000000000000000000000000000000000
04077791950505202600000000010000100150001                                 00000000000000  000000000000000000000000000000000000000000000000000010015000                              17439398            000000000000000000000000000000000000
04083843000505202600000000010000100150001                                 00000000000000  000000000000000000000000000000000000000000000000000010015000                              17439398            000000000000000000000000000000000000
04112830730505202600000000010000035710001                                 00000000000000  000000000000000000000000000000000000000000000000000003571000                              7898053596891       000000000000000000000000000000000000
04130456680505202600000000010000035710001                                 00000000000000  000000000000000000000000000000000000000000000000000003571000                              7898053596891       000000000000000000000000000000000000
04069055570505202600000000010000043090001                                 00000000000000  000000000000000000000000000000000000000000000000000004309000                              17898242033043      000000000000000000000000000000000000
04103949680505202600000000010000102440001                                 00000000000000  000000000000000000000000000000000000000000000000000010244000                              87896027080045      000000000000000000000000000000000000
04084950560505202600000000010000102490001                                 00000000000000  000000000000000000000000000000000000000000000000000010249000                              7894442179744       000000000000000000000000000000000000
04072185160505202600000000010000110850001                                 00000000000000  000000000000000000000000000000000000000000000000000011085000                              7898076702408       000000000000000000000000000000000000
04072185070505202600000000010000022250001                                 00000000000000  000000000000000000000000000000000000000000000000000002225000                              7898232031212       000000000000000000000000000000000000
04080030290505202600000000010000022250001                                 00000000000000  000000000000000000000000000000000000000000000000000002225000                              7898232031212       000000000000000000000000000000000000
04084890990505202600000000010000307450001                                 00000000000000  000000000000000000000000000000000000000000000000000030745000                              7897021066299       000000000000000000000000000000000000
04107174640505202600000000010000577620001                                 00000000000000  000000000000000000000000000000000000000000000000000057762000                              7898972587185       000000000000000000000000000000000000
04118875380505202600000000010000117230001                                 00000000000000  000000000000000000000000000000000000000000000000000011723000                              7898901045311       000000000000000000000000000000000000
04142840920505202600000000010000050340001                                 00000000000000  000000000000000000000000000000000000000000000000000005034000                              7895265700337       000000000000000000000000000000000000
04164649950505202600000000010000089060001                                 00000000000000  000000000000000000000000000000000000000000000000000008906000                              7898031811176       000000000000000000000000000000000000
04126036380505202600000000010000011940001                                 00000000000000  000000000000000000000000000000000000000000000000000001194000                              17667076            000000000000000000000000000000000000
04069194480505202600000000010000021870001                                 00000000000000  000000000000000000000000000000000000000000000000000002187000                              7896720320022       000000000000000000000000000000000000
04114138970505202600000000010000247530001                                 00000000000000  000000000000000000000000000000000000000000000000000024753000                              7898242035750       000000000000000000000000000000000000
04144230060505202600000000010000011050001                                 00000000000000  000000000000000000000000000000000000000000000000000001105000                              17821156            000000000000000000000000000000000000
04146556170505202600000000010000010640001                                 00000000000000  000000000000000000000000000000000000000000000000000001064000                              17401215            000000000000000000000000000000000000
04164231940505202600000000010000367400001                                 00000000000000  000000000000000000000000000000000000000000000000000036740000                              27898121840141      000000000000000000000000000000000000
04128994280505202600000000010000371760001                                 00000000000000  000000000000000000000000000000000000000000000000000037176000                              17731860            000000000000000000000000000000000000
04086983590505202600000000010000431880001                                 00000000000000  000000000000000000000000000000000000000000000000000043188000                              7898950988546       000000000000000000000000000000000000
04072185380505202600000000010000052370001                                 00000000000000  000000000000000000000000000000000000000000000000000005237000                              7894442137225       000000000000000000000000000000000000
04118892420505202600000000010000011940001                                 00000000000000  000000000000000000000000000000000000000000000000000001194000                              17667076            000000000000000000000000000000000000
04103956260505202600000000010000055170001                                 00000000000000  000000000000000000000000000000000000000000000000000005517000                              7891000115688       000000000000000000000000000000000000
04084885600505202600000000010000093540001                                 00000000000000  000000000000000000000000000000000000000000000000000009354000                              7891835611942       000000000000000000000000000000000000
04146543770505202600000000010000011050001                                 00000000000000  000000000000000000000000000000000000000000000000000001105000                              17821156            000000000000000000000000000000000000
04164231890505202600000000010000127430001                                 00000000000000  000000000000000000000000000000000000000000000000000012743000                              17891645068964      000000000000000000000000000000000000
04151770410505202600000000010000043120001                                 00000000000000  000000000000000000000000000000000000000000000000000004312000                              17898242033036      000000000000000000000000000000000000
04084885550505202600000000010000093540001                                 00000000000000  000000000000000000000000000000000000000000000000000009354000                              7891835612079       000000000000000000000000000000000000
04098498270505202600000000010000431880001                                 00000000000000  000000000000000000000000000000000000000000000000000043188000                              7898950988546       000000000000000000000000000000000000
04042729270505202600000000010000141470001                                 00000000000000  000000000000000000000000000000000000000000000000000014147000                              7908295000077       000000000000000000000000000000000000
04164231840505202600000000010000023070001                                 00000000000000  000000000000000000000000000000000000000000000000000002307000                              7898033340193       000000000000000000000000000000000000
04108104560505202600000000010000318650001                                 00000000000000  000000000000000000000000000000000000000000000000000031865000                              7898659784845       000000000000000000000000000000000000
04118886350505202600000000010000192190001                                 00000000000000  000000000000000000000000000000000000000000000000000019219000                              7898323001667       000000000000000000000000000000000000
04084885500505202600000000010000305330001                                 00000000000000  000000000000000000000000000000000000000000000000000030533000                              7891835503988       000000000000000000000000000000000000
04073698330505202600000000010000226070001                                 00000000000000  000000000000000000000000000000000000000000000000000022607000                              7898049719402       000000000000000000000000000000000000
04080415100505202600000000010000122090001                                 00000000000000  000000000000000000000000000000000000000000000000000012209000                              27898334221560      000000000000000000000000000000000000
04104995550505202600000000010000318650001                                 00000000000000  000000000000000000000000000000000000000000000000000031865000                              7898659784845       000000000000000000000000000000000000
04108080660505202600000000010000093540001                                 00000000000000  000000000000000000000000000000000000000000000000000009354000                              7891835611942       000000000000000000000000000000000000
04112889300505202600000000010000226070001                                 00000000000000  000000000000000000000000000000000000000000000000000022607000                              7898049719402       000000000000000000000000000000000000
04069055590505202600000000010000043120001                                 00000000000000  000000000000000000000000000000000000000000000000000004312000                              17898242033029      000000000000000000000000000000000000
04084885450505202600000000010000106210001                                 00000000000000  000000000000000000000000000000000000000000000000000010621000                              7891835649051       000000000000000000000000000000000000
04137718840505202600000000010000137640001                                 00000000000000  000000000000000000000000000000000000000000000000000013764000                              7896720321012       000000000000000000000000000000000000
04098472300505202600000000010000103900001                                 00000000000000  000000000000000000000000000000000000000000000000000010390000                              17898242033166      000000000000000000000000000000000000
04160386630505202600000000010000017420001                                 00000000000000  000000000000000000000000000000000000000000000000000001742000                              17446001            000000000000000000000000000000000000
04100741750505202600000000010000045610001                                 00000000000000  000000000000000000000000000000000000000000000000000004561000                              7891000244739       000000000000000000000000000000000000
04164313530505202600000000010000010640001                                 00000000000000  000000000000000000000000000000000000000000000000000001064000                              17401215            000000000000000000000000000000000000
04124622520505202600000000010000049800001                                 00000000000000  000000000000000000000000000000000000000000000000000004980000                              7890557699504       000000000000000000000000000000000000
04098359210505202600000000010000102490001                                 00000000000000  000000000000000000000000000000000000000000000000000010249000                              7894442179744       000000000000000000000000000000000000
04072414840505202600000000010000100150001                                 00000000000000  000000000000000000000000000000000000000000000000000010015000                              17439398            000000000000000000000000000000000000
04069194880505202600000000010000103190001                                 00000000000000  000000000000000000000000000000000000000000000000000010319000                              7898185262091       000000000000000000000000000000000000
04164232010505202600000000010000152060001                                 00000000000000  000000000000000000000000000000000000000000000000000015206000                              7894442707671       000000000000000000000000000000000000
04087034420505202600000000010000021870001                                 00000000000000  000000000000000000000000000000000000000000000000000002187000                              7896720320022       000000000000000000000000000000000000
04166634940505202600000000010000112260001                                 00000000000000  000000000000000000000000000000000000000000000000000011226000                              17604219            000000000000000000000000000000000000
04118875400505202600000000010000139650001                                 00000000000000  000000000000000000000000000000000000000000000000000013965000                              7898901045328       000000000000000000000000000000000000
04084950530505202600000000010000102490001                                 00000000000000  000000000000000000000000000000000000000000000000000010249000                              17500221            000000000000000000000000000000000000
04164231960505202600000000010000152060001                                 00000000000000  000000000000000000000000000000000000000000000000000015206000                              7894442707626       000000000000000000000000000000000000
04128994330505202600000000010000089060001                                 00000000000000  000000000000000000000000000000000000000000000000000008906000                              7898031811176       000000000000000000000000000000000000
04086983610505202600000000010000319290001                                 00000000000000  000000000000000000000000000000000000000000000000000031929000                              7898591871948       000000000000000000000000000000000000
04072185400505202600000000010000052370001                                 00000000000000  000000000000000000000000000000000000000000000000000005237000                              7894442137232       000000000000000000000000000000000000
04118875350505202600000000010000195090001                                 00000000000000  000000000000000000000000000000000000000000000000000019509000                              7898006194365       000000000000000000000000000000000000
04135042720505202600000000010000247530001                                 00000000000000  000000000000000000000000000000000000000000000000000024753000                              7898242035750       000000000000000000000000000000000000
04163555010505202600000000010000100150001                                 00000000000000  000000000000000000000000000000000000000000000000000010015000                              17439398            000000000000000000000000000000000000
04084888590505202600000000010000045610001                                 00000000000000  000000000000000000000000000000000000000000000000000004561000                              7891000244739       000000000000000000000000000000000000
04165520440505202600000000010000102500001                                 00000000000000  000000000000000000000000000000000000000000000000000010250000                              17607558            000000000000000000000000000000000000
04084885570505202600000000010000093540001                                 00000000000000  000000000000000000000000000000000000000000000000000009354000                              7891835612055       000000000000000000000000000000000000
04137718960505202600000000010000059590001                                 00000000000000  000000000000000000000000000000000000000000000000000005959000                              7894442138260       000000000000000000000000000000000000
04098498290505202600000000010000362370001                                 00000000000000  000000000000000000000000000000000000000000000000000036237000                              7898950988607       000000000000000000000000000000000000
04072185300505202600000000010000021150001                                 00000000000000  000000000000000000000000000000000000000000000000000002115000                              7898586870222       000000000000000000000000000000000000
04164246960505202600000000010000045180001                                 00000000000000  000000000000000000000000000000000000000000000000000004518000                              7891000116036       000000000000000000000000000000000000
04118886370505202600000000010000334880001                                 00000000000000  000000000000000000000000000000000000000000000000000033488000                              7898323004798       000000000000000000000000000000000000
04134278860505202600000000010000175520001                                 00000000000000  000000000000000000000000000000000000000000000000000017552000                              7897348201090       000000000000000000000000000000000000
04073698350505202600000000010000233140001                                 00000000000000  000000000000000000000000000000000000000000000000000023314000                              7898049719419       000000000000000000000000000000000000
04085643220505202600000000010000102490001                                 00000000000000  000000000000000000000000000000000000000000000000000010249000                              17500221            000000000000000000000000000000000000
04128998000505202600000000010000023930001                                 00000000000000  000000000000000000000000000000000000000000000000000002393000                              7898929612854       000000000000000000000000000000000000
04112889320505202600000000010000233140001                                 00000000000000  000000000000000000000000000000000000000000000000000023314000                              7898049719419       000000000000000000000000000000000000
04069055610505202600000000010000043090001                                 00000000000000  000000000000000000000000000000000000000000000000000004309000                              17898242033081      000000000000000000000000000000000000
04084885470505202600000000010000106210001                                 00000000000000  000000000000000000000000000000000000000000000000000010621000                              7891835674268       000000000000000000000000000000000000
04080414950505202600000000010000085110001                                 00000000000000  000000000000000000000000000000000000000000000000000008511000                              7898632330427       000000000000000000000000000000000000
04073698300505202600000000010000385670001                                 00000000000000  000000000000000000000000000000000000000000000000000038567000                              7898049719440       000000000000000000000000000000000000
04104995520505202600000000010000108610001                                 00000000000000  000000000000000000000000000000000000000000000000000010861000                              7898659784074       000000000000000000000000000000000000
04071268200505202600000000010000017420001                                 00000000000000  000000000000000000000000000000000000000000000000000001742000                              17446001            000000000000000000000000000000000000
04141521240505202600000000010000108610001                                 00000000000000  000000000000000000000000000000000000000000000000000010861000                              7898659784074       000000000000000000000000000000000000
04112830720505202600000000010000288970001                                 00000000000000  000000000000000000000000000000000000000000000000000028897000                              7898344752876       000000000000000000000000000000000000
04151695140505202600000000010000226070001                                 00000000000000  000000000000000000000000000000000000000000000000000022607000                              7898049719402       000000000000000000000000000000000000
04114139080505202600000000010000043090001                                 00000000000000  000000000000000000000000000000000000000000000000000004309000                              17898242033111      000000000000000000000000000000000000
04073681050505202600000000010000021150001                                 00000000000000  000000000000000000000000000000000000000000000000000002115000                              7898586870222       000000000000000000000000000000000000
04069196640505202600000000010000010640001                                 00000000000000  000000000000000000000000000000000000000000000000000001064000                              17401215            000000000000000000000000000000000000
04072185150505202600000000010000110850001                                 00000000000000  000000000000000000000000000000000000000000000000000011085000                              7898076702408       000000000000000000000000000000000000
04072185060505202600000000010000022250001                                 00000000000000  000000000000000000000000000000000000000000000000000002225000                              7898232031212       000000000000000000000000000000000000
04084890980505202600000000010000233630001                                 00000000000000  000000000000000000000000000000000000000000000000000023363000                              7897011066292       000000000000000000000000000000000000
04107174630505202600000000010000361010001                                 00000000000000  000000000000000000000000000000000000000000000000000036101000                              7898972587024       000000000000000000000000000000000000
04092728050505202600000000010000372040001                                 00000000000000  000000000000000000000000000000000000000000000000000037204000                              17540624            000000000000000000000000000000000000
04086983630505202600000000010000362370001                                 00000000000000  000000000000000000000000000000000000000000000000000036237000                              7898950988607       000000000000000000000000000000000000
04118875370505202600000000010000117230001                                 00000000000000  000000000000000000000000000000000000000000000000000011723000                              7898901045311       000000000000000000000000000000000000
04159013030505202600000000010000175520001                                 00000000000000  000000000000000000000000000000000000000000000000000017552000                              7897348201090       000000000000000000000000000000000000
04134315920505202600000000010000119190001                                 00000000000000  000000000000000000000000000000000000000000000000000011919000                              7898962232934       000000000000000000000000000000000000
04084950500505202600000000010000030220001                                 00000000000000  000000000000000000000000000000000000000000000000000003022000                              7898901045052       000000000000000000000000000000000000
04139971800505202600000000010000011940001                                 00000000000000  000000000000000000000000000000000000000000000000000001194000                              17667076            000000000000000000000000000000000000
04072185370505202600000000010000052370001                                 00000000000000  000000000000000000000000000000000000000000000000000005237000                              7894442137225       000000000000000000000000000000000000
04150537070505202600000000010000089060001                                 00000000000000  000000000000000000000000000000000000000000000000000008906000                              7898031811176       000000000000000000000000000000000000
04164640360505202600000000010000093540001                                 00000000000000  000000000000000000000000000000000000000000000000000009354000                              7891835611980       000000000000000000000000000000000000
04080756610505202600000000010000233140001                                 00000000000000  000000000000000000000000000000000000000000000000000023314000                              7898049719419       000000000000000000000000000000000000
04103222550505202600000000010000112260001                                 00000000000000  000000000000000000000000000000000000000000000000000011226000                              17604219            000000000000000000000000000000000000
04103944080505202600000000010000102500001                                 00000000000000  000000000000000000000000000000000000000000000000000010250000                              17607558            000000000000000000000000000000000000
04118886390505202600000000010000311580001                                 00000000000000  000000000000000000000000000000000000000000000000000031158000                              7898323001971       000000000000000000000000000000000000
04103949790505202600000000010000147010001                                 00000000000000  000000000000000000000000000000000000000000000000000014701000                              7894442095167       000000000000000000000000000000000000
04084885540505202600000000010000093540001                                 00000000000000  000000000000000000000000000000000000000000000000000009354000                              7891835611980       000000000000000000000000000000000000
04098498260505202600000000010000431880001                                 00000000000000  000000000000000000000000000000000000000000000000000043188000                              7898950988546       000000000000000000000000000000000000
04069233310505202600000000010000010640001                                 00000000000000  000000000000000000000000000000000000000000000000000001064000                              17401215            000000000000000000000000000000000000
04085650890505202600000000010000122090001                                 00000000000000  000000000000000000000000000000000000000000000000000012209000                              27898334221560      000000000000000000000000000000000000
04112889340505202600000000010000277570001                                 00000000000000  000000000000000000000000000000000000000000000000000027757000                              7898049719426       000000000000000000000000000000000000
04118886340505202600000000010000151420001                                 00000000000000  000000000000000000000000000000000000000000000000000015142000                              7898323006334       000000000000000000000000000000000000
04084885490505202600000000010000305340001                                 00000000000000  000000000000000000000000000000000000000000000000000030534000                              7891835819270       000000000000000000000000000000000000
04073698320505202600000000010000226070001                                 00000000000000  000000000000000000000000000000000000000000000000000022607000                              7898049719402       000000000000000000000000000000000000
04069196710505202600000000010000017900001                                 00000000000000  000000000000000000000000000000000000000000000000000001790000                              17401216            000000000000000000000000000000000000
04084950620505202600000000010000122090001                                 00000000000000  000000000000000000000000000000000000000000000000000012209000                              27898334221560      000000000000000000000000000000000000
04118614130505202600000000010000017900001                                 00000000000000  000000000000000000000000000000000000000000000000000001790000                              17401216            000000000000000000000000000000000000
04112889290505202600000000010000226070001                                 00000000000000  000000000000000000000000000000000000000000000000000022607000                              7898049719402       000000000000000000000000000000000000
04167761300505202600000000010000045180001                                 00000000000000  000000000000000000000000000000000000000000000000000004518000                              7891000116036       000000000000000000000000000000000000
04084950570505202600000000010000102490001                                 00000000000000  000000000000000000000000000000000000000000000000000010249000                              7894442179744       000000000000000000000000000000000000
04098359200505202600000000010000030220001                                 00000000000000  000000000000000000000000000000000000000000000000000003022000                              7898901045052       000000000000000000000000000000000000
04086985510505202600000000010000431880001                                 00000000000000  000000000000000000000000000000000000000000000000000043188000                              7898950988546       000000000000000000000000000000000000
04118875390505202600000000010000139650001                                 00000000000000  000000000000000000000000000000000000000000000000000013965000                              7898901045328       000000000000000000000000000000000000
04136756670505202600000000010000112260001                                 00000000000000  000000000000000000000000000000000000000000000000000011226000                              17604219            000000000000000000000000000000000000
04072333250505202600000000010000010640001                                 00000000000000  000000000000000000000000000000000000000000000000000001064000                              17401215            000000000000000000000000000000000000
04069194490505202600000000010000021870001                                 00000000000000  000000000000000000000000000000000000000000000000000002187000                              7896720320022       000000000000000000000000000000000000
04114138980505202600000000010000247530001                                 00000000000000  000000000000000000000000000000000000000000000000000024753000                              7898242035750       000000000000000000000000000000000000
04164231950505202600000000010000152060001                                 00000000000000  000000000000000000000000000000000000000000000000000015206000                              7894442707565       000000000000000000000000000000000000
04086983600505202600000000010000431880001                                 00000000000000  000000000000000000000000000000000000000000000000000043188000                              7898950988546       000000000000000000000000000000000000
04072185390505202600000000010000052370001                                 00000000000000  000000000000000000000000000000000000000000000000000005237000                              7894442137232       000000000000000000000000000000000000
04103956270505202600000000010000055170001                                 00000000000000  000000000000000000000000000000000000000000000000000005517000                              7891000115688       000000000000000000000000000000000000
04084888580505202600000000010000045610001                                 00000000000000  000000000000000000000000000000000000000000000000000004561000                              7891000244739       000000000000000000000000000000000000
04164231900505202600000000020000113930001                                 00000000000000  000000000000000000000000000000000000000000000000000011393000                              7892775044609       000000000000000000000000000000000000
04151770420505202600000000020000043090001                                 00000000000000  000000000000000000000000000000000000000000000000000004309000                              17898242035900      000000000000000000000000000000000000
04159153410505202600000000020000368340001                                 00000000000000  000000000000000000000000000000000000000000000000000036834000                              7897348201076       000000000000000000000000000000000000
04072185290505202600000000020000184350001                                 00000000000000  000000000000000000000000000000000000000000000000000018435000                              7896500400944       000000000000000000000000000000000000
04161045000505202600000000020000047280001                                 00000000000000  000000000000000000000000000000000000000000000000000004728000                              7896029046746       000000000000000000000000000000000000
04080415110505202600000000020000105130001                                 00000000000000  000000000000000000000000000000000000000000000000000010513000                              7894442003193       000000000000000000000000000000000000
04071270140505202600000000020000017160001                                 00000000000000  000000000000000000000000000000000000000000000000000001716000                              17446018            000000000000000000000000000000000000
04164246900505202600000000020000049120001                                 00000000000000  000000000000000000000000000000000000000000000000000004912000                              7891000244753       000000000000000000000000000000000000
04071277420505202600000000020000049800001                                 00000000000000  000000000000000000000000000000000000000000000000000004980000                              7895265145305       000000000000000000000000000000000000
04066790400505202600000000020000106620001                                 00000000000000  000000000000000000000000000000000000000000000000000010662000                              17395452            000000000000000000000000000000000000
04151770270505202600000000020000201830001                                 00000000000000  000000000000000000000000000000000000000000000000000020183000                              7898242035019       000000000000000000000000000000000000
04130467160505202600000000020000011830001                                 00000000000000  000000000000000000000000000000000000000000000000000001183000                              17731859            000000000000000000000000000000000000
04069055600505202600000000020000043090001                                 00000000000000  000000000000000000000000000000000000000000000000000004309000                              17898242035900      000000000000000000000000000000000000
04084950590505202600000000020000062380001                                 00000000000000  000000000000000000000000000000000000000000000000000006238000                              606529693916        000000000000000000000000000000000000
04164244710505202600000000020000047280001                                 00000000000000  000000000000000000000000000000000000000000000000000004728000                              7896029046753       000000000000000000000000000000000000
04069055550505202600000000020000043090001                                 00000000000000  000000000000000000000000000000000000000000000000000004309000                              17898242033128      000000000000000000000000000000000000
04103949660505202600000000020000159410001                                 00000000000000  000000000000000000000000000000000000000000000000000015941000                              7891317451950       000000000000000000000000000000000000
04091732300505202600000000020000106620001                                 00000000000000  000000000000000000000000000000000000000000000000000010662000                              17395452            000000000000000000000000000000000000
04119794160505202600000000020000368340001                                 00000000000000  000000000000000000000000000000000000000000000000000036834000                              7897348201076       000000000000000000000000000000000000
04114139070505202600000000020000041540001                                 00000000000000  000000000000000000000000000000000000000000000000000004154000                              17898242033098      000000000000000000000000000000000000
04098472260505202600000000020000041540001                                 00000000000000  000000000000000000000000000000000000000000000000000004154000                              17898242033098      000000000000000000000000000000000000
04160367480505202600000000020000135910001                                 00000000000000  000000000000000000000000000000000000000000000000000013591000                              7898242031547       000000000000000000000000000000000000
04124622470505202600000000020000049800001                                 00000000000000  000000000000000000000000000000000000000000000000000004980000                              7895265700344       000000000000000000000000000000000000
04153668190505202600000000020000050760001                                 00000000000000  000000000000000000000000000000000000000000000000000005076000                              7891000115794       000000000000000000000000000000000000
04103971550505202600000000020000045350001                                 00000000000000  000000000000000000000000000000000000000000000000000004535000                              7898049711871       000000000000000000000000000000000000
04084888650505202600000000020000050760001                                 00000000000000  000000000000000000000000000000000000000000000000000005076000                              7891000115794       000000000000000000000000000000000000
04128994340505202600000000020000045350001                                 00000000000000  000000000000000000000000000000000000000000000000000004535000                              7898049711871       000000000000000000000000000000000000
04092728040505202600000000020000048120001                                 00000000000000  000000000000000000000000000000000000000000000000000004812000                              7898599491292       000000000000000000000000000000000000
04076179510505202600000000020000079900001                                 00000000000000  000000000000000000000000000000000000000000000000000007990000                              7898427301533       000000000000000000000000000000000000
04142840900505202600000000020000047210001                                 00000000000000  000000000000000000000000000000000000000000000000000004721000                              7909989912683       000000000000000000000000000000000000
04103949560505202600000000020000045350001                                 00000000000000  000000000000000000000000000000000000000000000000000004535000                              7898049711871       000000000000000000000000000000000000
04084863650505202600000000020000082920001                                 00000000000000  000000000000000000000000000000000000000000000000000008292000                              7896803015449       000000000000000000000000000000000000
04069194460505202600000000020000117020001                                 00000000000000  000000000000000000000000000000000000000000000000000011702000                              7894442328265       000000000000000000000000000000000000
04084888600505202600000000020000045610001                                 00000000000000  000000000000000000000000000000000000000000000000000004561000                              7891000115640       000000000000000000000000000000000000
04164231920505202600000000020000028960001                                 00000000000000  000000000000000000000000000000000000000000000000000002896000                              7898049710386       000000000000000000000000000000000000
04128994260505202600000000020000081960001                                 00000000000000  000000000000000000000000000000000000000000000000000008196000                              7898079240327       000000000000000000000000000000000000
04068978410505202600000000020000020280001                                 00000000000000  000000000000000000000000000000000000000000000000000002028000                              7892767001153       000000000000000000000000000000000000
04130583050505202600000000020000095520001                                 00000000000000  000000000000000000000000000000000000000000000000000009552000                              17736478            000000000000000000000000000000000000
04126975280505202600000000020000034200001                                 00000000000000  000000000000000000000000000000000000000000000000000003420000                              7898053772769       000000000000000000000000000000000000
04080304990505202600000000020000106620001                                 00000000000000  000000000000000000000000000000000000000000000000000010662000                              17395452            000000000000000000000000000000000000
04098498300505202600000000020000087520001                                 00000000000000  000000000000000000000000000000000000000000000000000008752000                              7898950988102       000000000000000000000000000000000000
04072311540505202600000000020000020280001                                 00000000000000  000000000000000000000000000000000000000000000000000002028000                              7892767001153       000000000000000000000000000000000000
04069055670505202600000000020000264960001                                 00000000000000  000000000000000000000000000000000000000000000000000026496000                              7898242035835       000000000000000000000000000000000000
04084885530505202600000000020000093540001                                 00000000000000  000000000000000000000000000000000000000000000000000009354000                              7891835612017       000000000000000000000000000000000000
04073698360505202600000000020000109940001                                 00000000000000  000000000000000000000000000000000000000000000000000010994000                              7898049719495       000000000000000000000000000000000000
04080415130505202600000000020000032650001                                 00000000000000  000000000000000000000000000000000000000000000000000003265000                              7898185135623       000000000000000000000000000000000000
04104995580505202600000000020000210190001                                 00000000000000  000000000000000000000000000000000000000000000000000021019000                              7898659784814       000000000000000000000000000000000000
04076163850505202600000000020000079900001                                 00000000000000  000000000000000000000000000000000000000000000000000007990000                              7898427301533       000000000000000000000000000000000000
04072185260505202600000000020000082380001                                 00000000000000  000000000000000000000000000000000000000000000000000008238000                              7896500400074       000000000000000000000000000000000000
04128998020505202600000000020000209880001                                 00000000000000  000000000000000000000000000000000000000000000000000020988000                              7898962232644       000000000000000000000000000000000000
04084940590505202600000000020000079900001                                 00000000000000  000000000000000000000000000000000000000000000000000007990000                              7898427301533       000000000000000000000000000000000000
04164231770505202600000000020000047350001                                 00000000000000  000000000000000000000000000000000000000000000000000004735000                              7898417651365       000000000000000000000000000000000000
04100748190505202600000000020000041540001                                 00000000000000  000000000000000000000000000000000000000000000000000004154000                              17898242033098      000000000000000000000000000000000000
04118875020505202600000000020000034200001                                 00000000000000  000000000000000000000000000000000000000000000000000003420000                              7898053772769       000000000000000000000000000000000000
04098472280505202600000000020000041950001                                 00000000000000  000000000000000000000000000000000000000000000000000004195000                              17898242033135      000000000000000000000000000000000000
04115331870505202600000000020000125330001                                 00000000000000  000000000000000000000000000000000000000000000000000012533000                              7899664911820       000000000000000000000000000000000000
04042729420505202600000000020000045350001                                 00000000000000  000000000000000000000000000000000000000000000000000004535000                              7898049711871       000000000000000000000000000000000000
04164244680505202600000000020000047280001                                 00000000000000  000000000000000000000000000000000000000000000000000004728000                              7896029046746       000000000000000000000000000000000000
04076214410505202600000000020000079900001                                 00000000000000  000000000000000000000000000000000000000000000000000007990000                              7898427301533       000000000000000000000000000000000000
04071277340505202600000000020000049800001                                 00000000000000  000000000000000000000000000000000000000000000000000004980000                              7895265700344       000000000000000000000000000000000000
04103949630505202600000000020000015560001                                 00000000000000  000000000000000000000000000000000000000000000000000001556000                              7898096852374       000000000000000000000000000000000000
04114139040505202600000000020000043090001                                 00000000000000  000000000000000000000000000000000000000000000000000004309000                              17898242033128      000000000000000000000000000000000000
04080414860505202600000000020000029740001                                 00000000000000  000000000000000000000000000000000000000000000000000002974000                              7898185134060       000000000000000000000000000000000000
04164231720505202600000000020000184350001                                 00000000000000  000000000000000000000000000000000000000000000000000018435000                              7896500400944       000000000000000000000000000000000000
04164231990505202600000000020000152060001                                 00000000000000  000000000000000000000000000000000000000000000000000015206000                              7894442707657       000000000000000000000000000000000000
04076180360505202600000000020000079900001                                 00000000000000  000000000000000000000000000000000000000000000000000007990000                              7898427301533       000000000000000000000000000000000000
04103949580505202600000000020000105130001                                 00000000000000  000000000000000000000000000000000000000000000000000010513000                              7894442003193       000000000000000000000000000000000000
04153658730505202600000000020000011940001                                 00000000000000  000000000000000000000000000000000000000000000000000001194000                              17770191            000000000000000000000000000000000000
04069194810505202600000000020000104000001                                 00000000000000  000000000000000000000000000000000000000000000000000010400000                              7898927674076       000000000000000000000000000000000000
04159019450505202600000000020000011940001                                 00000000000000  000000000000000000000000000000000000000000000000000001194000                              17770191            000000000000000000000000000000000000
04084950510505202600000000020000045370001                                 00000000000000  000000000000000000000000000000000000000000000000000004537000                              7898901045045       000000000000000000000000000000000000
04099703660505202600000000020000079900001                                 00000000000000  000000000000000000000000000000000000000000000000000007990000                              7898427301533       000000000000000000000000000000000000
04165533080505202600000000020000106620001                                 00000000000000  000000000000000000000000000000000000000000000000000010662000                              17395452            000000000000000000000000000000000000
04098472130505202600000000020000146910001                                 00000000000000  000000000000000000000000000000000000000000000000000014691000                              7898242035811       000000000000000000000000000000000000
04138831040505202600000000020000034200001                                 00000000000000  000000000000000000000000000000000000000000000000000003420000                              7898053772769       000000000000000000000000000000000000
04124617650505202600000000020000021260001                                 00000000000000  000000000000000000000000000000000000000000000000000002126000                              7898905926777       000000000000000000000000000000000000
04090500170505202600000000020000081960001                                 00000000000000  000000000000000000000000000000000000000000000000000008196000                              7898079240327       000000000000000000000000000000000000
04103945980505202600000000020000209880001                                 00000000000000  000000000000000000000000000000000000000000000000000020988000                              7898962232644       000000000000000000000000000000000000
04098472070505202600000000020000264960001                                 00000000000000  000000000000000000000000000000000000000000000000000026496000                              7898242035835       000000000000000000000000000000000000
04128992460505202600000000020000011830001                                 00000000000000  000000000000000000000000000000000000000000000000000001183000                              17731859            000000000000000000000000000000000000
04076163870505202600000000020000062990001                                 00000000000000  000000000000000000000000000000000000000000000000000006299000                              7898427308570       000000000000000000000000000000000000
04072185280505202600000000020000184350001                                 00000000000000  000000000000000000000000000000000000000000000000000018435000                              7896500400944       000000000000000000000000000000000000
04165402810505202600000000020000106620001                                 00000000000000  000000000000000000000000000000000000000000000000000010662000                              17395452            000000000000000000000000000000000000
04137718890505202600000000020000019040001                                 00000000000000  000000000000000000000000000000000000000000000000000001904000                              7898079240136       000000000000000000000000000000000000
04134278840505202600000000020000368340001                                 00000000000000  000000000000000000000000000000000000000000000000000036834000                              7897348201076       000000000000000000000000000000000000
04138749130505202600000000020000135910001                                 00000000000000  000000000000000000000000000000000000000000000000000013591000                              7898242031547       000000000000000000000000000000000000
04085643200505202600000000020000117020001                                 00000000000000  000000000000000000000000000000000000000000000000000011702000                              7894442328265       000000000000000000000000000000000000
04076149520505202600000000020000174900001                                 00000000000000  000000000000000000000000000000000000000000000000000017490000                              7898486898302       000000000000000000000000000000000000
04141526080505202600000000020000045350001                                 00000000000000  000000000000000000000000000000000000000000000000000004535000                              7898049711871       000000000000000000000000000000000000
04164246890505202600000000020000049120001                                 00000000000000  000000000000000000000000000000000000000000000000000004912000                              7891000244753       000000000000000000000000000000000000
04128995880505202600000000020000087260001                                 00000000000000  000000000000000000000000000000000000000000000000000008726000                              17731868            000000000000000000000000000000000000
04092732710505202600000000020000368340001                                 00000000000000  000000000000000000000000000000000000000000000000000036834000                              7897348201076       000000000000000000000000000000000000
04071277410505202600000000020000049800001                                 00000000000000  000000000000000000000000000000000000000000000000000004980000                              7895265145305       000000000000000000000000000000000000
04114144050505202600000000020000182720001                                 00000000000000  000000000000000000000000000000000000000000000000000018272000                              17896803078182      000000000000000000000000000000000000
04084950580505202600000000020000062380001                                 00000000000000  000000000000000000000000000000000000000000000000000006238000                              606529693916        000000000000000000000000000000000000
04042729440505202600000000020000020280001                                 00000000000000  000000000000000000000000000000000000000000000000000002028000                              7892767001153       000000000000000000000000000000000000
04164244700505202600000000020000009070001                                 00000000000000  000000000000000000000000000000000000000000000000000000907000                              7891031409404       000000000000000000000000000000000000
04130456650505202600000000020000034200001                                 00000000000000  000000000000000000000000000000000000000000000000000003420000                              7898053772769       000000000000000000000000000000000000
04069055540505202600000000020000135910001                                 00000000000000  000000000000000000000000000000000000000000000000000013591000                              7898242031547       000000000000000000000000000000000000
04143013740505202600000000020000011830001                                 00000000000000  000000000000000000000000000000000000000000000000000001183000                              17731859            000000000000000000000000000000000000
04069194550505202600000000020000184350001                                 00000000000000  000000000000000000000000000000000000000000000000000018435000                              7896500400944       000000000000000000000000000000000000
04114139060505202600000000020000041540001                                 00000000000000  000000000000000000000000000000000000000000000000000004154000                              17898242033098      000000000000000000000000000000000000
04098519910505202600000000020000087520001                                 00000000000000  000000000000000000000000000000000000000000000000000008752000                              7898950988102       000000000000000000000000000000000000
04124622460505202600000000020000049800001                                 00000000000000  000000000000000000000000000000000000000000000000000004980000                              7895265700344       000000000000000000000000000000000000
04097548110505202600000000020000045350001                                 00000000000000  000000000000000000000000000000000000000000000000000004535000                              7898049711871       000000000000000000000000000000000000
04080022110505202600000000020000184350001                                 00000000000000  000000000000000000000000000000000000000000000000000018435000                              7896500400944       000000000000000000000000000000000000
04103956330505202600000000020000050760001                                 00000000000000  000000000000000000000000000000000000000000000000000005076000                              7891000115794       000000000000000000000000000000000000
04084888640505202600000000020000050760001                                 00000000000000  000000000000000000000000000000000000000000000000000005076000                              7891000115794       000000000000000000000000000000000000
04107174610505202600000000020000022930001                                 00000000000000  000000000000000000000000000000000000000000000000000002293000                              7706912802376       000000000000000000000000000000000000
04124622410505202600000000020000049800001                                 00000000000000  000000000000000000000000000000000000000000000000000004980000                              7895265145305       000000000000000000000000000000000000
04090502220505202600000000020000081960001                                 00000000000000  000000000000000000000000000000000000000000000000000008196000                              7898079240327       000000000000000000000000000000000000
04142840890505202600000000020000047210001                                 00000000000000  000000000000000000000000000000000000000000000000000004721000                              7909989912676       000000000000000000000000000000000000
04103949550505202600000000020000045350001                                 00000000000000  000000000000000000000000000000000000000000000000000004535000                              7898049711871       000000000000000000000000000000000000
04069194450505202600000000020000081960001                                 00000000000000  000000000000000000000000000000000000000000000000000008196000                              7898079240327       000000000000000000000000000000000000
04069194780505202600000000020000021780001                                 00000000000000  000000000000000000000000000000000000000000000000000002178000                              7897515659655       000000000000000000000000000000000000
04159009480505202600000000020000368340001                                 00000000000000  000000000000000000000000000000000000000000000000000036834000                              7897348201076       000000000000000000000000000000000000
04164231910505202600000000020000113930001                                 00000000000000  000000000000000000000000000000000000000000000000000011393000                              7892775044609       000000000000000000000000000000000000
04093584680505202600000000020000088760001                                 00000000000000  000000000000000000000000000000000000000000000000000008876000                              17544245            000000000000000000000000000000000000
04130583030505202600000000020000099320001                                 00000000000000  000000000000000000000000000000000000000000000000000009932000                              17736477            000000000000000000000000000000000000
04137714840505202600000000020000011940001                                 00000000000000  000000000000000000000000000000000000000000000000000001194000                              17770191            000000000000000000000000000000000000
04108109830505202600000000020000106620001                                 00000000000000  000000000000000000000000000000000000000000000000000010662000                              17395452            000000000000000000000000000000000000
04069055660505202600000000020000264960001                                 00000000000000  000000000000000000000000000000000000000000000000000026496000                              7898242035835       000000000000000000000000000000000000
04103949770505202600000000020000099260001                                 00000000000000  000000000000000000000000000000000000000000000000000009926000                              17607600            000000000000000000000000000000000000
04092711080505202600000000020000017160001                                 00000000000000  000000000000000000000000000000000000000000000000000001716000                              17446018            000000000000000000000000000000000000
04080415120505202600000000020000105130001                                 00000000000000  000000000000000000000000000000000000000000000000000010513000                              7894442003193       000000000000000000000000000000000000
04042729240505202600000000020000045290001                                 00000000000000  000000000000000000000000000000000000000000000000000004529000                              7898032493135       000000000000000000000000000000000000
04104995570505202600000000020000210190001                                 00000000000000  000000000000000000000000000000000000000000000000000021019000                              7898659784814       000000000000000000000000000000000000
04099608960505202600000000020000032650001                                 00000000000000  000000000000000000000000000000000000000000000000000003265000                              7898185135623       000000000000000000000000000000000000
04076163840505202600000000020000079900001                                 00000000000000  000000000000000000000000000000000000000000000000000007990000                              7898427301533       000000000000000000000000000000000000
04151770280505202600000000020000111480001                                 00000000000000  000000000000000000000000000000000000000000000000000011148000                              7898242034999       000000000000000000000000000000000000
04155667240505202600000000020000011940001                                 00000000000000  000000000000000000000000000000000000000000000000000001194000                              17770191            000000000000000000000000000000000000
04084950600505202600000000020000051280001                                 00000000000000  000000000000000000000000000000000000000000000000000005128000                              7898994318736       000000000000000000000000000000000000
04164244720505202600000000020000001910001                                 00000000000000  000000000000000000000000000000000000000000000000000000191000                              7896102503661       000000000000000000000000000000000000
04118875010505202600000000020000034200001                                 00000000000000  000000000000000000000000000000000000000000000000000003420000                              7898053772769       000000000000000000000000000000000000
04142836400505202600000000020000099320001                                 00000000000000  000000000000000000000000000000000000000000000000000009932000                              17814778            000000000000000000000000000000000000
04069055560505202600000000020000041950001                                 00000000000000  000000000000000000000000000000000000000000000000000004195000                              17898242033135      000000000000000000000000000000000000
04103949670505202600000000020000159410001                                 00000000000000  000000000000000000000000000000000000000000000000000015941000                              7891317451950       000000000000000000000000000000000000
04119794170505202600000000020000368340001                                 00000000000000  000000000000000000000000000000000000000000000000000036834000                              7897348201076       000000000000000000000000000000000000
04098472270505202600000000020000041540001                                 00000000000000  000000000000000000000000000000000000000000000000000004154000                              17898242033098      000000000000000000000000000000000000
04042729410505202600000000020000045350001                                 00000000000000  000000000000000000000000000000000000000000000000000004535000                              7898049711871       000000000000000000000000000000000000
04128994400505202600000000020000104870001                                 00000000000000  000000000000000000000000000000000000000000000000000010487000                              17731861            000000000000000000000000000000000000
04072348290505202600000000020000023660001                                 00000000000000  000000000000000000000000000000000000000000000000000002366000                              7896029047408       000000000000000000000000000000000000
04164051830505202600000000020000011050001                                 00000000000000  000000000000000000000000000000000000000000000000000001105000                              17939043            000000000000000000000000000000000000
04080414850505202600000000020000029740001                                 00000000000000  000000000000000000000000000000000000000000000000000002974000                              7898185134060       000000000000000000000000000000000000
04164231710505202600000000020000117020001                                 00000000000000  000000000000000000000000000000000000000000000000000011702000                              7894442328265       000000000000000000000000000000000000
04084950550505202600000000020000102490001                                 00000000000000  000000000000000000000000000000000000000000000000000010249000                              7894442179737       000000000000000000000000000000000000
04164231980505202600000000020000152060001                                 00000000000000  000000000000000000000000000000000000000000000000000015206000                              7894442707640       000000000000000000000000000000000000
04128994350505202600000000020000045350001                                 00000000000000  000000000000000000000000000000000000000000000000000004535000                              7898049711871       000000000000000000000000000000000000
04076179890505202600000000020000079900001                                 00000000000000  000000000000000000000000000000000000000000000000000007990000                              7898427301533       000000000000000000000000000000000000
04142840910505202600000000020000047210001                                 00000000000000  000000000000000000000000000000000000000000000000000004721000                              7909989912683       000000000000000000000000000000000000
04136756650505202600000000020000106620001                                 00000000000000  000000000000000000000000000000000000000000000000000010662000                              17395452            000000000000000000000000000000000000
04069194470505202600000000020000117020001                                 00000000000000  000000000000000000000000000000000000000000000000000011702000                              7894442328265       000000000000000000000000000000000000
04084888610505202600000000020000045610001                                 00000000000000  000000000000000000000000000000000000000000000000000004561000                              7891000115640       000000000000000000000000000000000000
04042729310505202600000000020000025860001                                 00000000000000  000000000000000000000000000000000000000000000000000002586000                              7706912801843       000000000000000000000000000000000000
04149806210505202600000000020000136030001                                 00000000000000  000000000000000000000000000000000000000000000000000013603000                              17854681            000000000000000000000000000000000000
04164231930505202600000000020000028960001                                 00000000000000  000000000000000000000000000000000000000000000000000002896000                              7898049710386       000000000000000000000000000000000000
04128994270505202600000000020000159410001                                 00000000000000  000000000000000000000000000000000000000000000000000015941000                              7891317451950       000000000000000000000000000000000000
04084885590505202600000000020000093540001                                 00000000000000  000000000000000000000000000000000000000000000000000009354000                              7891835611911       000000000000000000000000000000000000
04098498310505202600000000020000087520001                                 00000000000000  000000000000000000000000000000000000000000000000000008752000                              7898950988102       000000000000000000000000000000000000
04084950450505202600000000020000117020001                                 00000000000000  000000000000000000000000000000000000000000000000000011702000                              7894442328265       000000000000000000000000000000000000
04098472060505202600000000020000264960001                                 00000000000000  000000000000000000000000000000000000000000000000000026496000                              7898242035835       000000000000000000000000000000000000
04080415020505202600000000020000018720001                                 00000000000000  000000000000000000000000000000000000000000000000000001872000                              17486062            000000000000000000000000000000000000
04080415140505202600000000020000032650001                                 00000000000000  000000000000000000000000000000000000000000000000000003265000                              7898185135623       000000000000000000000000000000000000
04076163860505202600000000020000062990001                                 00000000000000  000000000000000000000000000000000000000000000000000006299000                              7898427308570       000000000000000000000000000000000000
04072185270505202600000000020000082380001                                 00000000000000  000000000000000000000000000000000000000000000000000008238000                              7896500400074       000000000000000000000000000000000000
04128998030505202600000000020000209880001                                 00000000000000  000000000000000000000000000000000000000000000000000020988000                              7898962232644       000000000000000000000000000000000000
04100755530505202600000000020000106620001                                 00000000000000  000000000000000000000000000000000000000000000000000010662000                              17395452            000000000000000000000000000000000000
04137718880505202600000000020000019040001                                 00000000000000  000000000000000000000000000000000000000000000000000001904000                              7898079240136       000000000000000000000000000000000000
04134278830505202600000000020000368340001                                 00000000000000  000000000000000000000000000000000000000000000000000036834000                              7897348201076       000000000000000000000000000000000000
04080415090505202600000000020000099200001                                 00000000000000  000000000000000000000000000000000000000000000000000009920000                              17486063            000000000000000000000000000000000000
04042729210505202600000000020000067840001                                 00000000000000  000000000000000000000000000000000000000000000000000006784000                              7891117012375       000000000000000000000000000000000000
04164231780505202600000000020000047350001                                 00000000000000  000000000000000000000000000000000000000000000000000004735000                              7898417651365       000000000000000000000000000000000000
04076148460505202600000000020000174900001                                 00000000000000  000000000000000000000000000000000000000000000000000017490000                              7898486898302       000000000000000000000000000000000000
04080856390505202600000000020000264960001                                 00000000000000  000000000000000000000000000000000000000000000000000026496000                              7898242035835       000000000000000000000000000000000000
04092732700505202600000000020000368340001                                 00000000000000  000000000000000000000000000000000000000000000000000036834000                              7897348201076       000000000000000000000000000000000000
04071277400505202600000000020000050160001                                 00000000000000  000000000000000000000000000000000000000000000000000005016000                              7895265700375       000000000000000000000000000000000000
04098472290505202600000000020000041950001                                 00000000000000  000000000000000000000000000000000000000000000000000004195000                              17898242033135      000000000000000000000000000000000000
04115331890505202600000000020000125330001                                 00000000000000  000000000000000000000000000000000000000000000000000012533000                              7899664911820       000000000000000000000000000000000000
04164244690505202600000000020000047280001                                 00000000000000  000000000000000000000000000000000000000000000000000004728000                              7896029046746       000000000000000000000000000000000000
04071277350505202600000000020000049800001                                 00000000000000  000000000000000000000000000000000000000000000000000004980000                              7895265700344       000000000000000000000000000000000000
04164313520505202600000000020000011830001                                 00000000000000  000000000000000000000000000000000000000000000000000001183000                              17731859            000000000000000000000000000000000000
04090534350505202600000000020000109940001                                 00000000000000  000000000000000000000000000000000000000000000000000010994000                              7898049719495       000000000000000000000000000000000000
04069055530505202600000000020000135910001                                 00000000000000  000000000000000000000000000000000000000000000000000013591000                              7898242031547       000000000000000000000000000000000000
04163378740505202600000000020000089450001                                 00000000000000  000000000000000000000000000000000000000000000000000008945000                              17936597            000000000000000000000000000000000000
04069194540505202600000000020000184350001                                 00000000000000  000000000000000000000000000000000000000000000000000018435000                              7896500400944       000000000000000000000000000000000000
04114139050505202600000000020000043090001                                 00000000000000  000000000000000000000000000000000000000000000000000004309000                              17898242033128      000000000000000000000000000000000000
04153668220505202600000000020000034200001                                 00000000000000  000000000000000000000000000000000000000000000000000003420000                              7898053772769       000000000000000000000000000000000000
04115328420505202600000000020000178810001                                 00000000000000  000000000000000000000000000000000000000000000000000017881000                              17658273            000000000000000000000000000000000000
04164231730505202600000000020000184350001                                 00000000000000  000000000000000000000000000000000000000000000000000018435000                              7896500400944       000000000000000000000000000000000000
04164232000505202600000000020000152060001                                 00000000000000  000000000000000000000000000000000000000000000000000015206000                              7894442707664       000000000000000000000000000000000000
04090516150505202600000000020000032650001                                 00000000000000  000000000000000000000000000000000000000000000000000003265000                              7898185135623       000000000000000000000000000000000000
04103949590505202600000000020000105130001                                 00000000000000  000000000000000000000000000000000000000000000000000010513000                              7894442003193       000000000000000000000000000000000000
04103956320505202600000000020000050760001                                 00000000000000  000000000000000000000000000000000000000000000000000005076000                              7891000115794       000000000000000000000000000000000000
04084950520505202600000000020000045370001                                 00000000000000  000000000000000000000000000000000000000000000000000004537000                              7898901045045       000000000000000000000000000000000000
04076166940505202600000000020000041540001                                 00000000000000  000000000000000000000000000000000000000000000000000004154000                              17898242033098      000000000000000000000000000000000000
04124622400505202600000000020000049800001                                 00000000000000  000000000000000000000000000000000000000000000000000004980000                              7895265145305       000000000000000000000000000000000000
04118875340505202600000000020000082380001                                 00000000000000  000000000000000000000000000000000000000000000000000008238000                              7896500400074       000000000000000000000000000000000000
04142840880505202600000000020000047210001                                 00000000000000  000000000000000000000000000000000000000000000000000004721000                              7909989912621       000000000000000000000000000000000000
04090592900505202600000000020000106620001                                 00000000000000  000000000000000000000000000000000000000000000000000010662000                              17395452            000000000000000000000000000000000000
04069194440505202600000000020000081960001                                 00000000000000  000000000000000000000000000000000000000000000000000008196000                              7898079240327       000000000000000000000000000000000000
04098472140505202600000000020000146910001                                 00000000000000  000000000000000000000000000000000000000000000000000014691000                              7898242035811       000000000000000000000000000000000000
04069194770505202600000000020000021780001                                 00000000000000  000000000000000000000000000000000000000000000000000002178000                              7897515659655       000000000000000000000000000000000000
04159354720505202600000000030000110010001                                 00000000000000  000000000000000000000000000000000000000000000000000011001000                              7897348204442       000000000000000000000000000000000000
04090500180505202600000000030000062380001                                 00000000000000  000000000000000000000000000000000000000000000000000006238000                              0606529693879       000000000000000000000000000000000000
04042729280505202600000000030000048760001                                 00000000000000  000000000000000000000000000000000000000000000000000004876000                              7899098036007       000000000000000000000000000000000000
04114152650505202600000000030000163110001                                 00000000000000  000000000000000000000000000000000000000000000000000016311000                              17896803071589      000000000000000000000000000000000000
04115411970505202600000000030000089920001                                 00000000000000  000000000000000000000000000000000000000000000000000008992000                              7898427301557       000000000000000000000000000000000000
04164231800505202600000000030000038920001                                 00000000000000  000000000000000000000000000000000000000000000000000003892000                              7898026080617       000000000000000000000000000000000000
04164439710505202600000000030000087120001                                 00000000000000  000000000000000000000000000000000000000000000000000008712000                              17395449            000000000000000000000000000000000000
04119794210505202600000000030000110010001                                 00000000000000  000000000000000000000000000000000000000000000000000011001000                              7897348204442       000000000000000000000000000000000000
04080415060505202600000000030000285720001                                 00000000000000  000000000000000000000000000000000000000000000000000028572000                              17401207            000000000000000000000000000000000000
04115345520505202600000000030000087120001                                 00000000000000  000000000000000000000000000000000000000000000000000008712000                              17395449            000000000000000000000000000000000000
04134523650505202600000000030000010140001                                 00000000000000  000000000000000000000000000000000000000000000000000001014000                              17540534            000000000000000000000000000000000000
04107212620505202600000000030000026330001                                 00000000000000  000000000000000000000000000000000000000000000000000002633000                              7896029046821       000000000000000000000000000000000000
04071277370505202600000000030000049800001                                 00000000000000  000000000000000000000000000000000000000000000000000004980000                              7895265700351       000000000000000000000000000000000000
04167761270505202600000000030000087120001                                 00000000000000  000000000000000000000000000000000000000000000000000008712000                              17395449            000000000000000000000000000000000000
04069194560505202600000000030000285720001                                 00000000000000  000000000000000000000000000000000000000000000000000028572000                              17401207            000000000000000000000000000000000000
04115331840505202600000000030000089920001                                 00000000000000  000000000000000000000000000000000000000000000000000008992000                              7898427301557       000000000000000000000000000000000000
04164231750505202600000000030000177040001                                 00000000000000  000000000000000000000000000000000000000000000000000017704000                              17898049717566      000000000000000000000000000000000000
04072299090505202600000000030000110010001                                 00000000000000  000000000000000000000000000000000000000000000000000011001000                              7897348204442       000000000000000000000000000000000000
04137718690505202600000000030000060460001                                 00000000000000  000000000000000000000000000000000000000000000000000006046000                              7898586870420       000000000000000000000000000000000000
04137748830505202600000000030000087120001                                 00000000000000  000000000000000000000000000000000000000000000000000008712000                              17395449            000000000000000000000000000000000000
04099682050505202600000000030000062380001                                 00000000000000  000000000000000000000000000000000000000000000000000006238000                              0606529693886       000000000000000000000000000000000000
04165524740505202600000000030000089730001                                 00000000000000  000000000000000000000000000000000000000000000000000008973000                              17666883            000000000000000000000000000000000000
04124617680505202600000000030000030380001                                 00000000000000  000000000000000000000000000000000000000000000000000003038000                              7897614100263       000000000000000000000000000000000000
04137718970505202600000000030000062380001                                 00000000000000  000000000000000000000000000000000000000000000000000006238000                              0606529693862       000000000000000000000000000000000000
04118829790505202600000000030000089730001                                 00000000000000  000000000000000000000000000000000000000000000000000008973000                              17666883            000000000000000000000000000000000000
04141540930505202600000000030000022650001                                 00000000000000  000000000000000000000000000000000000000000000000000002265000                              7896006201038       000000000000000000000000000000000000
04164246970505202600000000030000019260001                                 00000000000000  000000000000000000000000000000000000000000000000000001926000                              7891000400548       000000000000000000000000000000000000
04151770390505202600000000030000041530001                                 00000000000000  000000000000000000000000000000000000000000000000000004153000                              17898242033067      000000000000000000000000000000000000
04042729250505202600000000030000040240001                                 00000000000000  000000000000000000000000000000000000000000000000000004024000                              7898032493241       000000000000000000000000000000000000
04118886330505202600000000030000114940001                                 00000000000000  000000000000000000000000000000000000000000000000000011494000                              7898323040659       000000000000000000000000000000000000
04134278820505202600000000030000374290001                                 00000000000000  000000000000000000000000000000000000000000000000000037429000                              7897348201069       000000000000000000000000000000000000
04107212640505202600000000030000007150001                                 00000000000000  000000000000000000000000000000000000000000000000000000715000                              7896029046906       000000000000000000000000000000000000
04087938350505202600000000030000045210001                                 00000000000000  000000000000000000000000000000000000000000000000000004521000                              7898096852336       000000000000000000000000000000000000
04066790370505202600000000030000087120001                                 00000000000000  000000000000000000000000000000000000000000000000000008712000                              17395449            000000000000000000000000000000000000
04114139090505202600000000030000041540001                                 00000000000000  000000000000000000000000000000000000000000000000000004154000                              17898242033104      000000000000000000000000000000000000
04073681060505202600000000030000022980001                                 00000000000000  000000000000000000000000000000000000000000000000000002298000                              7897460020098       000000000000000000000000000000000000
04128994410505202600000000030000038920001                                 00000000000000  000000000000000000000000000000000000000000000000000003892000                              7898026080617       000000000000000000000000000000000000
04072185480505202600000000030000022980001                                 00000000000000  000000000000000000000000000000000000000000000000000002298000                              7897460020098       000000000000000000000000000000000000
04124622490505202600000000030000049800001                                 00000000000000  000000000000000000000000000000000000000000000000000004980000                              7895265700351       000000000000000000000000000000000000
04098472230505202600000000030000041530001                                 00000000000000  000000000000000000000000000000000000000000000000000004153000                              17898242033067      000000000000000000000000000000000000
04069194860505202600000000030000022650001                                 00000000000000  000000000000000000000000000000000000000000000000000002265000                              7896006201038       000000000000000000000000000000000000
04086983640505202600000000030000517500001                                 00000000000000  000000000000000000000000000000000000000000000000000051750000                              7898950988119       000000000000000000000000000000000000
04124622440505202600000000030000049800001                                 00000000000000  000000000000000000000000000000000000000000000000000004980000                              7895265145336       000000000000000000000000000000000000
04084863670505202600000000030000042490001                                 00000000000000  000000000000000000000000000000000000000000000000000004249000                              7896803013698       000000000000000000000000000000000000
04103956310505202600000000030000045180001                                 00000000000000  000000000000000000000000000000000000000000000000000004518000                              7891000116005       000000000000000000000000000000000000
04159354710505202600000000030000374290001                                 00000000000000  000000000000000000000000000000000000000000000000000037429000                              7897348201069       000000000000000000000000000000000000
04069194710505202600000000030000016300001                                 00000000000000  000000000000000000000000000000000000000000000000000001630000                              7891317178956       000000000000000000000000000000000000
04080415030505202600000000030000045210001                                 00000000000000  000000000000000000000000000000000000000000000000000004521000                              7898096852336       000000000000000000000000000000000000
04164246940505202600000000030000045180001                                 00000000000000  000000000000000000000000000000000000000000000000000004518000                              7891000116005       000000000000000000000000000000000000
04071277460505202600000000030000049800001                                 00000000000000  000000000000000000000000000000000000000000000000000004980000                              7895265145336       000000000000000000000000000000000000
04164231790505202600000000030000038920001                                 00000000000000  000000000000000000000000000000000000000000000000000003892000                              7898026080617       000000000000000000000000000000000000
04119794200505202600000000030000110010001                                 00000000000000  000000000000000000000000000000000000000000000000000011001000                              7897348204442       000000000000000000000000000000000000
04080415050505202600000000030000285720001                                 00000000000000  000000000000000000000000000000000000000000000000000028572000                              17401207            000000000000000000000000000000000000
04071277360505202600000000030000049800001                                 00000000000000  000000000000000000000000000000000000000000000000000004980000                              7895265700351       000000000000000000000000000000000000
04103949650505202600000000030000285720001                                 00000000000000  000000000000000000000000000000000000000000000000000028572000                              17401207            000000000000000000000000000000000000
04098472250505202600000000030000041540001                                 00000000000000  000000000000000000000000000000000000000000000000000004154000                              17898242033104      000000000000000000000000000000000000
04164231740505202600000000030000177040001                                 00000000000000  000000000000000000000000000000000000000000000000000017704000                              17898049717566      000000000000000000000000000000000000
04107174660505202600000000030000060460001                                 00000000000000  000000000000000000000000000000000000000000000000000006046000                              7898586870420       000000000000000000000000000000000000
04072305180505202600000000030000163110001                                 00000000000000  000000000000000000000000000000000000000000000000000016311000                              17896803071589      000000000000000000000000000000000000
04069194830505202600000000030000047480001                                 00000000000000  000000000000000000000000000000000000000000000000000004748000                              7893479188002       000000000000000000000000000000000000
04137836740505202600000000030000089730001                                 00000000000000  000000000000000000000000000000000000000000000000000008973000                              17666883            000000000000000000000000000000000000
04159022920505202600000000030000062380001                                 00000000000000  000000000000000000000000000000000000000000000000000006238000                              0606529693879       000000000000000000000000000000000000
04075824920505202600000000030000285720001                                 00000000000000  000000000000000000000000000000000000000000000000000028572000                              17401207            000000000000000000000000000000000000
04139980330505202600000000030000011940001                                 00000000000000  000000000000000000000000000000000000000000000000000001194000                              17667040            000000000000000000000000000000000000
04121926400505202600000000030000011940001                                 00000000000000  000000000000000000000000000000000000000000000000000001194000                              17667040            000000000000000000000000000000000000
04076166950505202600000000030000041540001                                 00000000000000  000000000000000000000000000000000000000000000000000004154000                              17898242033104      000000000000000000000000000000000000
04072299080505202600000000030000110010001                                 00000000000000  000000000000000000000000000000000000000000000000000011001000                              7897348204442       000000000000000000000000000000000000
04149806190505202600000000030000088060001                                 00000000000000  000000000000000000000000000000000000000000000000000008806000                              17854679            000000000000000000000000000000000000
04090500190505202600000000030000062380001                                 00000000000000  000000000000000000000000000000000000000000000000000006238000                              0606529693886       000000000000000000000000000000000000
04090583620505202600000000030000081790001                                 00000000000000  000000000000000000000000000000000000000000000000000008179000                              17526071            000000000000000000000000000000000000
04114152680505202600000000030000163110001                                 00000000000000  000000000000000000000000000000000000000000000000000016311000                              17896803071589      000000000000000000000000000000000000
04083850340505202600000000030000285720001                                 00000000000000  000000000000000000000000000000000000000000000000000028572000                              17401207            000000000000000000000000000000000000
04118886320505202600000000030000075550001                                 00000000000000  000000000000000000000000000000000000000000000000000007555000                              7898323008123       000000000000000000000000000000000000
04134278810505202600000000030000374290001                                 00000000000000  000000000000000000000000000000000000000000000000000037429000                              7897348201069       000000000000000000000000000000000000
04072185200505202600000000030000177040001                                 00000000000000  000000000000000000000000000000000000000000000000000017704000                              17898049717566      000000000000000000000000000000000000
04107212630505202600000000030000026330001                                 00000000000000  000000000000000000000000000000000000000000000000000002633000                              7896029046821       000000000000000000000000000000000000
04115331850505202600000000030000089920001                                 00000000000000  000000000000000000000000000000000000000000000000000008992000                              7898427301557       000000000000000000000000000000000000
04164231760505202600000000030000045210001                                 00000000000000  000000000000000000000000000000000000000000000000000004521000                              7898096852336       000000000000000000000000000000000000
04124622480505202600000000030000049800001                                 00000000000000  000000000000000000000000000000000000000000000000000004980000                              7895265700351       000000000000000000000000000000000000
04098472220505202600000000030000041530001                                 00000000000000  000000000000000000000000000000000000000000000000000004153000                              17898242033067      000000000000000000000000000000000000
04090592930505202600000000030000087120001                                 00000000000000  000000000000000000000000000000000000000000000000000008712000                              17395449            000000000000000000000000000000000000
04137718710505202600000000030000060460001                                 00000000000000  000000000000000000000000000000000000000000000000000006046000                              7898586870420       000000000000000000000000000000000000
04103956300505202600000000030000045180001                                 00000000000000  000000000000000000000000000000000000000000000000000004518000                              7891000116005       000000000000000000000000000000000000
04072185090505202600000000030000030380001                                 00000000000000  000000000000000000000000000000000000000000000000000003038000                              7897614100263       000000000000000000000000000000000000
04129024720505202600000000030000089920001                                 00000000000000  000000000000000000000000000000000000000000000000000008992000                              7898427301557       000000000000000000000000000000000000
04124617690505202600000000030000030380001                                 00000000000000  000000000000000000000000000000000000000000000000000003038000                              7897614100263       000000000000000000000000000000000000
04092718150505202600000000030000010140001                                 00000000000000  000000000000000000000000000000000000000000000000000001014000                              17540534            000000000000000000000000000000000000
04159354700505202600000000030000374290001                                 00000000000000  000000000000000000000000000000000000000000000000000037429000                              7897348201069       000000000000000000000000000000000000
04165470410505202600000000030000062380001                                 00000000000000  000000000000000000000000000000000000000000000000000006238000                              0606529693862       000000000000000000000000000000000000
04084826570505202600000000030000111330001                                 00000000000000  000000000000000000000000000000000000000000000000000011133000                              17499669            000000000000000000000000000000000000
04151770400505202600000000030000041530001                                 00000000000000  000000000000000000000000000000000000000000000000000004153000                              17898242033067      000000000000000000000000000000000000
04069194700505202600000000030000016300001                                 00000000000000  000000000000000000000000000000000000000000000000000001630000                              7891317178956       000000000000000000000000000000000000
04042729260505202600000000030000040240001                                 00000000000000  000000000000000000000000000000000000000000000000000004024000                              7898032493241       000000000000000000000000000000000000
04128992450505202600000000030000011180001                                 00000000000000  000000000000000000000000000000000000000000000000000001118000                              17731858            000000000000000000000000000000000000
04164246930505202600000000030000045180001                                 00000000000000  000000000000000000000000000000000000000000000000000004518000                              7891000116005       000000000000000000000000000000000000
04071277450505202600000000030000049800001                                 00000000000000  000000000000000000000000000000000000000000000000000004980000                              7895265145336       000000000000000000000000000000000000
04107212650505202600000000030000026330001                                 00000000000000  000000000000000000000000000000000000000000000000000002633000                              7896029046869       000000000000000000000000000000000000
04164244740505202600000000030000002800001                                 00000000000000  000000000000000000000000000000000000000000000000000000280000                              7896102502145       000000000000000000000000000000000000
04130459730505202600000000030000087120001                                 00000000000000  000000000000000000000000000000000000000000000000000008712000                              17395449            000000000000000000000000000000000000
04069055580505202600000000030000041530001                                 00000000000000  000000000000000000000000000000000000000000000000000004153000                              17898242033067      000000000000000000000000000000000000
04118882140505202600000000030000011940001                                 00000000000000  000000000000000000000000000000000000000000000000000001194000                              17667040            000000000000000000000000000000000000
04114139100505202600000000030000041540001                                 00000000000000  000000000000000000000000000000000000000000000000000004154000                              17898242033104      000000000000000000000000000000000000
04080415040505202600000000030000045210001                                 00000000000000  000000000000000000000000000000000000000000000000000004521000                              7898096852336       000000000000000000000000000000000000
04128994420505202600000000030000038920001                                 00000000000000  000000000000000000000000000000000000000000000000000003892000                              7898026080617       000000000000000000000000000000000000
04072185490505202600000000030000022980001                                 00000000000000  000000000000000000000000000000000000000000000000000002298000                              7897460020098       000000000000000000000000000000000000
04072185080505202600000000030000030380001                                 00000000000000  000000000000000000000000000000000000000000000000000003038000                              7897614100263       000000000000000000000000000000000000
04103949640505202600000000030000285720001                                 00000000000000  000000000000000000000000000000000000000000000000000028572000                              17401207            000000000000000000000000000000000000
04098472240505202600000000030000041540001                                 00000000000000  000000000000000000000000000000000000000000000000000004154000                              17898242033104      000000000000000000000000000000000000
04069194870505202600000000030000022650001                                 00000000000000  000000000000000000000000000000000000000000000000000002265000                              7896006201038       000000000000000000000000000000000000
04107174650505202600000000030000060460001                                 00000000000000  000000000000000000000000000000000000000000000000000006046000                              7898586870420       000000000000000000000000000000000000
04124622450505202600000000030000049800001                                 00000000000000  000000000000000000000000000000000000000000000000000004980000                              7895265145336       000000000000000000000000000000000000
04113069810505202600000000030000163110001                                 00000000000000  000000000000000000000000000000000000000000000000000016311000                              17896803071589      000000000000000000000000000000000000
04084863680505202600000000030000042490001                                 00000000000000  000000000000000000000000000000000000000000000000000004249000                              7896803013698       000000000000000000000000000000000000
04137718730505202600000000030000285720001                                 00000000000000  000000000000000000000000000000000000000000000000000028572000                              17401207            000000000000000000000000000000000000
04069194820505202600000000030000047480001                                 00000000000000  000000000000000000000000000000000000000000000000000004748000                              7893479188002       000000000000000000000000000000000000
04090500130505202600000000040000034470001                                 00000000000000  000000000000000000000000000000000000000000000000000003447000                              7898079240396       000000000000000000000000000000000000
04142836490505202600000000040000117810001                                 00000000000000  000000000000000000000000000000000000000000000000000011781000                              17898907467398      000000000000000000000000000000000000
04042729230505202600000000040000033130001                                 00000000000000  000000000000000000000000000000000000000000000000000003313000                              7891117005735       000000000000000000000000000000000000
04159039410505202600000000040000014690001                                 00000000000000  000000000000000000000000000000000000000000000000000001469000                              17912270            000000000000000000000000000000000000
04100755500505202600000000040000013160001                                 00000000000000  000000000000000000000000000000000000000000000000000001316000                              7896544402119       000000000000000000000000000000000000
04092732720505202600000000040000248850001                                 00000000000000  000000000000000000000000000000000000000000000000000024885000                              7897348203193       000000000000000000000000000000000000
04118875050505202600000000040000043530001                                 00000000000000  000000000000000000000000000000000000000000000000000004353000                              17667025            000000000000000000000000000000000000
04163378760505202600000000040000117810001                                 00000000000000  000000000000000000000000000000000000000000000000000011781000                              17898907467398      000000000000000000000000000000000000
04098359220505202600000000040000062380001                                 00000000000000  000000000000000000000000000000000000000000000000000006238000                              0606529693893       000000000000000000000000000000000000
04118829940505202600000000040000117810001                                 00000000000000  000000000000000000000000000000000000000000000000000011781000                              17898907467398      000000000000000000000000000000000000
04109264490505202600000000040000015470001                                 00000000000000  000000000000000000000000000000000000000000000000000001547000                              17540535            000000000000000000000000000000000000
04072185050505202600000000040000025920001                                 00000000000000  000000000000000000000000000000000000000000000000000002592000                              7896006217831       000000000000000000000000000000000000
04164051820505202600000000040000011050001                                 00000000000000  000000000000000000000000000000000000000000000000000001105000                              17939042            000000000000000000000000000000000000
04146574160505202600000000040000012350001                                 00000000000000  000000000000000000000000000000000000000000000000000001235000                              17486028            000000000000000000000000000000000000
04124622420505202600000000040000049800001                                 00000000000000  000000000000000000000000000000000000000000000000000004980000                              7895265145312       000000000000000000000000000000000000
04090500200505202600000000040000062380001                                 00000000000000  000000000000000000000000000000000000000000000000000006238000                              0606529693893       000000000000000000000000000000000000
04164640350505202600000000040000033130001                                 00000000000000  000000000000000000000000000000000000000000000000000003313000                              7891117005735       000000000000000000000000000000000000
04103946010505202600000000040000011280001                                 00000000000000  000000000000000000000000000000000000000000000000000001128000                              7896027031003       000000000000000000000000000000000000
04072325380505202600000000040000011570001                                 00000000000000  000000000000000000000000000000000000000000000000000001157000                              17450011            000000000000000000000000000000000000
04103952190505202600000000040000025920001                                 00000000000000  000000000000000000000000000000000000000000000000000002592000                              7898049717729       000000000000000000000000000000000000
04134278920505202600000000040000175510001                                 00000000000000  000000000000000000000000000000000000000000000000000017551000                              7897348205319       000000000000000000000000000000000000
04103944070505202600000000040000079220001                                 00000000000000  000000000000000000000000000000000000000000000000000007922000                              17607557            000000000000000000000000000000000000
04137718920505202600000000040000043740001                                 00000000000000  000000000000000000000000000000000000000000000000000004374000                              7891117078975       000000000000000000000000000000000000
04134278870505202600000000040000248850001                                 00000000000000  000000000000000000000000000000000000000000000000000024885000                              7897348203193       000000000000000000000000000000000000
04128234400505202600000000040000021350001                                 00000000000000  000000000000000000000000000000000000000000000000000002135000                              17525794            000000000000000000000000000000000000
04159053100505202600000000040000014690001                                 00000000000000  000000000000000000000000000000000000000000000000000001469000                              17912270            000000000000000000000000000000000000
04081018640505202600000000040000011570001                                 00000000000000  000000000000000000000000000000000000000000000000000001157000                              17450011            000000000000000000000000000000000000
04108088180505202600000000040000008840001                                 00000000000000  000000000000000000000000000000000000000000000000000000884000                              17499463            000000000000000000000000000000000000
04164246920505202600000000040000045180001                                 00000000000000  000000000000000000000000000000000000000000000000000004518000                              7891000115770       000000000000000000000000000000000000
04071277440505202600000000040000049800001                                 00000000000000  000000000000000000000000000000000000000000000000000004980000                              7895265145312       000000000000000000000000000000000000
04161139020505202600000000040000025920001                                 00000000000000  000000000000000000000000000000000000000000000000000002592000                              7898049717729       000000000000000000000000000000000000
04149806100505202600000000040000092240001                                 00000000000000  000000000000000000000000000000000000000000000000000009224000                              17854678            000000000000000000000000000000000000
04072185210505202600000000040000018510001                                 00000000000000  000000000000000000000000000000000000000000000000000001851000                              7898446840013       000000000000000000000000000000000000
04072194440505202600000000040000272280001                                 00000000000000  000000000000000000000000000000000000000000000000000027228000                              7896029069141       000000000000000000000000000000000000
04084836470505202600000000040000018200001                                 00000000000000  000000000000000000000000000000000000000000000000000001820000                              17499723            000000000000000000000000000000000000
04119794180505202600000000040000248850001                                 00000000000000  000000000000000000000000000000000000000000000000000024885000                              7897348203193       000000000000000000000000000000000000
04022803720505202600000000040000117810001                                 00000000000000  000000000000000000000000000000000000000000000000000011781000                              17898907467398      000000000000000000000000000000000000
04141508380505202600000000040000015470001                                 00000000000000  000000000000000000000000000000000000000000000000000001547000                              17540535            000000000000000000000000000000000000
04160372870505202600000000040000014690001                                 00000000000000  000000000000000000000000000000000000000000000000000001469000                              17912270            000000000000000000000000000000000000
04070318850505202600000000040000081740001                                 00000000000000  000000000000000000000000000000000000000000000000000008174000                              17439400            000000000000000000000000000000000000
04092728060505202600000000040000013160001                                 00000000000000  000000000000000000000000000000000000000000000000000001316000                              7896544402119       000000000000000000000000000000000000
04080406840505202600000000040000012350001                                 00000000000000  000000000000000000000000000000000000000000000000000001235000                              17486028            000000000000000000000000000000000000
04084888620505202600000000040000045180001                                 00000000000000  000000000000000000000000000000000000000000000000000004518000                              7891000115770       000000000000000000000000000000000000
04115328300505202600000000040000112260001                                 00000000000000  000000000000000000000000000000000000000000000000000011226000                              17658272            000000000000000000000000000000000000
04107174590505202600000000040000033130001                                 00000000000000  000000000000000000000000000000000000000000000000000003313000                              7891117005735       000000000000000000000000000000000000
04090500220505202600000000040000021350001                                 00000000000000  000000000000000000000000000000000000000000000000000002135000                              17525794            000000000000000000000000000000000000
04113069750505202600000000040000012350001                                 00000000000000  000000000000000000000000000000000000000000000000000001235000                              17486028            000000000000000000000000000000000000
04144228560505202600000000040000012350001                                 00000000000000  000000000000000000000000000000000000000000000000000001235000                              17486028            000000000000000000000000000000000000
04137718660505202600000000040000059020001                                 00000000000000  000000000000000000000000000000000000000000000000000005902000                              7896210500569       000000000000000000000000000000000000
04164249500505202600000000040000124760001                                 00000000000000  000000000000000000000000000000000000000000000000000012476000                              5420036914839       000000000000000000000000000000000000
04090500120505202600000000040000034470001                                 00000000000000  000000000000000000000000000000000000000000000000000003447000                              7898079240396       000000000000000000000000000000000000
04142836480505202600000000040000117810001                                 00000000000000  000000000000000000000000000000000000000000000000000011781000                              17898907467398      000000000000000000000000000000000000
04042729220505202600000000040000033130001                                 00000000000000  000000000000000000000000000000000000000000000000000003313000                              7891117005735       000000000000000000000000000000000000
04083850320505202600000000040000025920001                                 00000000000000  000000000000000000000000000000000000000000000000000002592000                              7898049717729       000000000000000000000000000000000000
04118875040505202600000000040000021350001                                 00000000000000  000000000000000000000000000000000000000000000000000002135000                              17525794            000000000000000000000000000000000000
04161138990505202600000000040000025920001                                 00000000000000  000000000000000000000000000000000000000000000000000002592000                              7898049717729       000000000000000000000000000000000000
04080297170505202600000000040000025920001                                 00000000000000  000000000000000000000000000000000000000000000000000002592000                              7898049717729       000000000000000000000000000000000000
04137891420505202600000000040000025920001                                 00000000000000  000000000000000000000000000000000000000000000000000002592000                              7896006217831       000000000000000000000000000000000000
04163378750505202600000000040000117810001                                 00000000000000  000000000000000000000000000000000000000000000000000011781000                              17898907467398      000000000000000000000000000000000000
04118829930505202600000000040000117810001                                 00000000000000  000000000000000000000000000000000000000000000000000011781000                              17898907467398      000000000000000000000000000000000000
04072185040505202600000000040000025920001                                 00000000000000  000000000000000000000000000000000000000000000000000002592000                              7896006217831       000000000000000000000000000000000000
04084868060505202600000000040000107840001                                 00000000000000  000000000000000000000000000000000000000000000000000010784000                              17499912            000000000000000000000000000000000000
04131482340505202600000000040000011050001                                 00000000000000  000000000000000000000000000000000000000000000000000001105000                              17689812            000000000000000000000000000000000000
04153635980505202600000000040000012350001                                 00000000000000  000000000000000000000000000000000000000000000000000001235000                              17486028            000000000000000000000000000000000000
04080310860505202600000000040000025920001                                 00000000000000  000000000000000000000000000000000000000000000000000002592000                              7898049717729       000000000000000000000000000000000000
04128994240505202600000000040000025920001                                 00000000000000  000000000000000000000000000000000000000000000000000002592000                              7896006217831       000000000000000000000000000000000000
04097530130505202600000000040000021350001                                 00000000000000  000000000000000000000000000000000000000000000000000002135000                              17525794            000000000000000000000000000000000000
04103952180505202600000000040000025920001                                 00000000000000  000000000000000000000000000000000000000000000000000002592000                              7898049717729       000000000000000000000000000000000000
04146492600505202600000000040000112260001                                 00000000000000  000000000000000000000000000000000000000000000000000011226000                              17658272            000000000000000000000000000000000000
04134278910505202600000000040000175510001                                 00000000000000  000000000000000000000000000000000000000000000000000017551000                              7897348205319       000000000000000000000000000000000000
04103222530505202600000000040000089900001                                 00000000000000  000000000000000000000000000000000000000000000000000008990000                              17604217            000000000000000000000000000000000000
04093584630505202600000000040000117710001                                 00000000000000  000000000000000000000000000000000000000000000000000011771000                              17544240            000000000000000000000000000000000000
04073497240505202600000000040000018510001                                 00000000000000  000000000000000000000000000000000000000000000000000001851000                              7898446840013       000000000000000000000000000000000000
04121634780505202600000000040000089900001                                 00000000000000  000000000000000000000000000000000000000000000000000008990000                              17604217            000000000000000000000000000000000000
04165367300505202600000000040000079220001                                 00000000000000  000000000000000000000000000000000000000000000000000007922000                              17607557            000000000000000000000000000000000000
04164246910505202600000000040000045180001                                 00000000000000  000000000000000000000000000000000000000000000000000004518000                              7891000115770       000000000000000000000000000000000000
04124610630505202600000000040000011050001                                 00000000000000  000000000000000000000000000000000000000000000000000001105000                              17689812            000000000000000000000000000000000000
04092732730505202600000000040000248850001                                 00000000000000  000000000000000000000000000000000000000000000000000024885000                              7897348203193       000000000000000000000000000000000000
04071277430505202600000000040000049800001                                 00000000000000  000000000000000000000000000000000000000000000000000004980000                              7895265145312       000000000000000000000000000000000000
04167768980505202600000000040000011050001                                 00000000000000  000000000000000000000000000000000000000000000000000001105000                              17939042            000000000000000000000000000000000000
04072192300505202600000000040000272280001                                 00000000000000  000000000000000000000000000000000000000000000000000027228000                              7896029069141       000000000000000000000000000000000000
04109264500505202600000000040000018200001                                 00000000000000  000000000000000000000000000000000000000000000000000001820000                              17499723            000000000000000000000000000000000000
04103949620505202600000000040000034470001                                 00000000000000  000000000000000000000000000000000000000000000000000003447000                              7898079240396       000000000000000000000000000000000000
04129053190505202600000000040000021350001                                 00000000000000  000000000000000000000000000000000000000000000000000002135000                              17525794            000000000000000000000000000000000000
04124622430505202600000000040000049800001                                 00000000000000  000000000000000000000000000000000000000000000000000004980000                              7895265145312       000000000000000000000000000000000000
04092718200505202600000000040000015470001                                 00000000000000  000000000000000000000000000000000000000000000000000001547000                              17540535            000000000000000000000000000000000000
04090500210505202600000000040000025740001                                 00000000000000  000000000000000000000000000000000000000000000000000002574000                              7894442296076       000000000000000000000000000000000000
04072290040505202600000000040000018510001                                 00000000000000  000000000000000000000000000000000000000000000000000001851000                              7898446840013       000000000000000000000000000000000000
04144228550505202600000000040000012350001                                 00000000000000  000000000000000000000000000000000000000000000000000001235000                              17486028            000000000000000000000000000000000000
04137718650505202600000000040000059020001                                 00000000000000  000000000000000000000000000000000000000000000000000005902000                              7896210500569       000000000000000000000000000000000000
04137718980505202600000000040000062380001                                 00000000000000  000000000000000000000000000000000000000000000000000006238000                              0606529693909       000000000000000000000000000000000000
04164249490505202600000000040000124760001                                 00000000000000  000000000000000000000000000000000000000000000000000012476000                              5420036914839       000000000000000000000000000000000000
04137718930505202600000000040000043740001                                 00000000000000  000000000000000000000000000000000000000000000000000004374000                              7891117078975       000000000000000000000000000000000000
04134278880505202600000000040000248850001                                 00000000000000  000000000000000000000000000000000000000000000000000024885000                              7897348203193       000000000000000000000000000000000000
04164231830505202600000000040000059020001                                 00000000000000  000000000000000000000000000000000000000000000000000005902000                              7896210500569       000000000000000000000000000000000000
04084780910505202600000000040000008840001                                 00000000000000  000000000000000000000000000000000000000000000000000000884000                              17499463            000000000000000000000000000000000000
04084940600505202600000000040000081740001                                 00000000000000  000000000000000000000000000000000000000000000000000008174000                              17439400            000000000000000000000000000000000000
04072185220505202600000000040000018510001                                 00000000000000  000000000000000000000000000000000000000000000000000001851000                              7898446840013       000000000000000000000000000000000000
04080297160505202600000000040000025920001                                 00000000000000  000000000000000000000000000000000000000000000000000002592000                              7898049717729       000000000000000000000000000000000000
04119794190505202600000000040000248850001                                 00000000000000  000000000000000000000000000000000000000000000000000024885000                              7897348203193       000000000000000000000000000000000000
04160372880505202600000000040000011050001                                 00000000000000  000000000000000000000000000000000000000000000000000001105000                              17689812            000000000000000000000000000000000000
04118874980505202600000000040000025920001                                 00000000000000  000000000000000000000000000000000000000000000000000002592000                              7896006217831       000000000000000000000000000000000000
04104971520505202600000000040000012350001                                 00000000000000  000000000000000000000000000000000000000000000000000001235000                              17486028            000000000000000000000000000000000000
04124049810505202600000000040000107840001                                 00000000000000  000000000000000000000000000000000000000000000000000010784000                              17499912            000000000000000000000000000000000000
04164287890505202600000000040000011570001                                 00000000000000  000000000000000000000000000000000000000000000000000001157000                              17450011            000000000000000000000000000000000000
04153658740505202600000000040000012350001                                 00000000000000  000000000000000000000000000000000000000000000000000001235000                              17486028            000000000000000000000000000000000000
04084888630505202600000000040000045180001                                 00000000000000  000000000000000000000000000000000000000000000000000004518000                              7891000115770       000000000000000000000000000000000000
04107174600505202600000000040000033130001                                 00000000000000  000000000000000000000000000000000000000000000000000003313000                              7891117005735       000000000000000000000000000000000000
04090502210505202600000000040000021350001                                 00000000000000  000000000000000000000000000000000000000000000000000002135000                              17525794            000000000000000000000000000000000000
04124966220505202600000000040000117710001                                 00000000000000  000000000000000000000000000000000000000000000000000011771000                              17544240            000000000000000000000000000000000000
04076163950505202600000000050000059500001                                 00000000000000  000000000000000000000000000000000000000000000000000005950000                              7896185983312       000000000000000000000000000000000000
04065760160505202600000000050000062360001                                 00000000000000  000000000000000000000000000000000000000000000000000006236000                              7896029046760       000000000000000000000000000000000000
04150537040505202600000000050000011050001                                 00000000000000  000000000000000000000000000000000000000000000000000001105000                              17209894            000000000000000000000000000000000000
04092718120505202600000000050000011050001                                 00000000000000  000000000000000000000000000000000000000000000000000001105000                              17209894            000000000000000000000000000000000000
04080304970505202600000000050000059500001                                 00000000000000  000000000000000000000000000000000000000000000000000005950000                              7896185983312       000000000000000000000000000000000000
04065736500505202600000000050000011050001                                 00000000000000  000000000000000000000000000000000000000000000000000001105000                              17209894            000000000000000000000000000000000000
04108109820505202600000000050000094510001                                 00000000000000  000000000000000000000000000000000000000000000000000009451000                              17526067            000000000000000000000000000000000000
04128998050505202600000000050000033760001                                 00000000000000  000000000000000000000000000000000000000000000000000003376000                              7898031810223       000000000000000000000000000000000000
04121634770505202600000000050000011050001                                 00000000000000  000000000000000000000000000000000000000000000000000001105000                              17209894            000000000000000000000000000000000000
04098495050505202600000000050000011050001                                 00000000000000  000000000000000000000000000000000000000000000000000001105000                              17209894            000000000000000000000000000000000000
04134575380505202600000000050000011050001                                 00000000000000  000000000000000000000000000000000000000000000000000001105000                              17209894            000000000000000000000000000000000000
04054184480505202600000000050000011050001                                 00000000000000  000000000000000000000000000000000000000000000000000001105000                              17209894            000000000000000000000000000000000000
04128995890505202600000000050000101070001                                 00000000000000  000000000000000000000000000000000000000000000000000010107000                              17731869            000000000000000000000000000000000000
04124610620505202600000000050000011050001                                 00000000000000  000000000000000000000000000000000000000000000000000001105000                              17209894            000000000000000000000000000000000000
04084859590505202600000000050000011050001                                 00000000000000  000000000000000000000000000000000000000000000000000001105000                              17209894            000000000000000000000000000000000000
04080785300505202600000000050000011050001                                 00000000000000  000000000000000000000000000000000000000000000000000001105000                              17209894            000000000000000000000000000000000000
04103933880505202600000000050000011050001                                 00000000000000  000000000000000000000000000000000000000000000000000001105000                              17209894            000000000000000000000000000000000000
04103949610505202600000000050000033760001                                 00000000000000  000000000000000000000000000000000000000000000000000003376000                              7898031810223       000000000000000000000000000000000000
04091714950505202600000000050000011050001                                 00000000000000  000000000000000000000000000000000000000000000000000001105000                              17209894            000000000000000000000000000000000000
04131482350505202600000000050000011050001                                 00000000000000  000000000000000000000000000000000000000000000000000001105000                              17209894            000000000000000000000000000000000000
04137839640505202600000000050000011050001                                 00000000000000  000000000000000000000000000000000000000000000000000001105000                              17209894            000000000000000000000000000000000000
04124049780505202600000000050000011050001                                 00000000000000  000000000000000000000000000000000000000000000000000001105000                              17209894            000000000000000000000000000000000000
04093735280505202600000000050000011050001                                 00000000000000  000000000000000000000000000000000000000000000000000001105000                              17209894            000000000000000000000000000000000000
04153635990505202600000000050000011050001                                 00000000000000  000000000000000000000000000000000000000000000000000001105000                              17209894            000000000000000000000000000000000000
04146543800505202600000000050000011050001                                 00000000000000  000000000000000000000000000000000000000000000000000001105000                              17209894            000000000000000000000000000000000000
04124948810505202600000000050000015650001                                 00000000000000  000000000000000000000000000000000000000000000000000001565000                              7891126001186       000000000000000000000000000000000000
04118892400505202600000000050000011050001                                 00000000000000  000000000000000000000000000000000000000000000000000001105000                              17209894            000000000000000000000000000000000000
04014037730505202600000000050000011050001                                 00000000000000  000000000000000000000000000000000000000000000000000001105000                              17209894            000000000000000000000000000000000000
04104920400505202600000000050000011050001                                 00000000000000  000000000000000000000000000000000000000000000000000001105000                              17209894            000000000000000000000000000000000000
04165470400505202600000000050000094510001                                 00000000000000  000000000000000000000000000000000000000000000000000009451000                              17526067            000000000000000000000000000000000000
04013310420505202600000000050000183750001                                 00000000000000  000000000000000000000000000000000000000000000000000018375000                              7898242031554       000000000000000000000000000000000000
04121638740505202600000000050000011050001                                 00000000000000  000000000000000000000000000000000000000000000000000001105000                              17209894            000000000000000000000000000000000000
04130500300505202600000000050000059500001                                 00000000000000  000000000000000000000000000000000000000000000000000005950000                              7896185983312       000000000000000000000000000000000000
04097516100505202600000000050000011050001                                 00000000000000  000000000000000000000000000000000000000000000000000001105000                              17209894            000000000000000000000000000000000000
04080297200505202600000000050000018660001                                 00000000000000  000000000000000000000000000000000000000000000000000001866000                              7896027080001       000000000000000000000000000000000000
04114147440505202600000000050000011050001                                 00000000000000  000000000000000000000000000000000000000000000000000001105000                              17209894            000000000000000000000000000000000000
04164087300505202600000000050000116090001                                 00000000000000  000000000000000000000000000000000000000000000000000011609000                              17939214            000000000000000000000000000000000000
04098493580505202600000000050000011050001                                 00000000000000  000000000000000000000000000000000000000000000000000001105000                              17209894            000000000000000000000000000000000000
04137903810505202600000000050000011050001                                 00000000000000  000000000000000000000000000000000000000000000000000001105000                              17209894            000000000000000000000000000000000000
04080785790505202600000000050000011050001                                 00000000000000  000000000000000000000000000000000000000000000000000001105000                              17209894            000000000000000000000000000000000000
04128995860505202600000000050000099260001                                 00000000000000  000000000000000000000000000000000000000000000000000009926000                              17731866            000000000000000000000000000000000000
04090583480505202600000000050000094510001                                 00000000000000  000000000000000000000000000000000000000000000000000009451000                              17526067            000000000000000000000000000000000000
04077863030505202600000000050000011050001                                 00000000000000  000000000000000000000000000000000000000000000000000001105000                              17209894            000000000000000000000000000000000000
04118882130505202600000000050000011050001                                 00000000000000  000000000000000000000000000000000000000000000000000001105000                              17209894            000000000000000000000000000000000000
04126056120505202600000000050000011050001                                 00000000000000  000000000000000000000000000000000000000000000000000001105000                              17209894            000000000000000000000000000000000000
04069196650505202600000000050000011050001                                 00000000000000  000000000000000000000000000000000000000000000000000001105000                              17209894            000000000000000000000000000000000000
04084836420505202600000000050000011050001                                 00000000000000  000000000000000000000000000000000000000000000000000001105000                              17209894            000000000000000000000000000000000000
04163378730505202600000000050000125070001                                 00000000000000  000000000000000000000000000000000000000000000000000012507000                              17936596            000000000000000000000000000000000000
04094853730505202600000000050000005000001                                 00000000000000  000000000000000000000000000000000000000000000000000000500000                              7898074740259       000000000000000000000000000000000000
04097548090505202600000000050000033760001                                 00000000000000  000000000000000000000000000000000000000000000000000003376000                              7898031810223       000000000000000000000000000000000000
04071273650505202600000000050000011180001                                 00000000000000  000000000000000000000000000000000000000000000000000001118000                              17446042            000000000000000000000000000000000000
04103946030505202600000000050000059500001                                 00000000000000  000000000000000000000000000000000000000000000000000005950000                              7896185983312       000000000000000000000000000000000000
04072325400505202600000000050000011050001                                 00000000000000  000000000000000000000000000000000000000000000000000001105000                              17209894            000000000000000000000000000000000000
04163551760505202600000000050000011050001                                 00000000000000  000000000000000000000000000000000000000000000000000001105000                              17209894            000000000000000000000000000000000000
04076163940505202600000000050000059500001                                 00000000000000  000000000000000000000000000000000000000000000000000005950000                              7896185983312       000000000000000000000000000000000000
04113037010505202600000000050000011050001                                 00000000000000  000000000000000000000000000000000000000000000000000001105000                              17209894            000000000000000000000000000000000000
04124948780505202600000000050000015610001                                 00000000000000  000000000000000000000000000000000000000000000000000001561000                              7891126003593       000000000000000000000000000000000000
04080426230505202600000000050000033760001                                 00000000000000  000000000000000000000000000000000000000000000000000003376000                              7898031810223       000000000000000000000000000000000000
04065736490505202600000000050000011050001                                 00000000000000  000000000000000000000000000000000000000000000000000001105000                              17209894            000000000000000000000000000000000000
04080300400505202600000000050000059500001                                 00000000000000  000000000000000000000000000000000000000000000000000005950000                              7896185983312       000000000000000000000000000000000000
04150510480505202600000000050000011050001                                 00000000000000  000000000000000000000000000000000000000000000000000001105000                              17209894            000000000000000000000000000000000000
04124610610505202600000000050000011050001                                 00000000000000  000000000000000000000000000000000000000000000000000001105000                              17209894            000000000000000000000000000000000000
04164086760505202600000000050000106790001                                 00000000000000  000000000000000000000000000000000000000000000000000010679000                              17939207            000000000000000000000000000000000000
04155616430505202600000000050000011050001                                 00000000000000  000000000000000000000000000000000000000000000000000001105000                              17209894            000000000000000000000000000000000000
04073681080505202600000000050000011050001                                 00000000000000  000000000000000000000000000000000000000000000000000001105000                              17209894            000000000000000000000000000000000000
04107212610505202600000000050000062360001                                 00000000000000  000000000000000000000000000000000000000000000000000006236000                              7896029046760       000000000000000000000000000000000000
04150510430505202600000000050000011050001                                 00000000000000  000000000000000000000000000000000000000000000000000001105000                              17209894            000000000000000000000000000000000000
04167761260505202600000000050000106410001                                 00000000000000  000000000000000000000000000000000000000000000000000010641000                              17446038            000000000000000000000000000000000000
04161119240505202600000000050000015610001                                 00000000000000  000000000000000000000000000000000000000000000000000001561000                              7891126003593       000000000000000000000000000000000000
04103933870505202600000000050000011050001                                 00000000000000  000000000000000000000000000000000000000000000000000001105000                              17209894            000000000000000000000000000000000000
04090565400505202600000000050000011050001                                 00000000000000  000000000000000000000000000000000000000000000000000001105000                              17209894            000000000000000000000000000000000000
04126050690505202600000000050000011050001                                 00000000000000  000000000000000000000000000000000000000000000000000001105000                              17209894            000000000000000000000000000000000000
04084881050505202600000000050000011050001                                 00000000000000  000000000000000000000000000000000000000000000000000001105000                              17209894            000000000000000000000000000000000000
04012118610505202600000000050000011050001                                 00000000000000  000000000000000000000000000000000000000000000000000001105000                              17209894            000000000000000000000000000000000000
04080414880505202600000000050000033760001                                 00000000000000  000000000000000000000000000000000000000000000000000003376000                              7898031810223       000000000000000000000000000000000000
04083821310505202600000000050000011050001                                 00000000000000  000000000000000000000000000000000000000000000000000001105000                              17209894            000000000000000000000000000000000000
04164287900505202600000000050000011050001                                 00000000000000  000000000000000000000000000000000000000000000000000001105000                              17209894            000000000000000000000000000000000000
04090516160505202600000000050000033760001                                 00000000000000  000000000000000000000000000000000000000000000000000003376000                              7898031810223       000000000000000000000000000000000000
04103949600505202600000000050000033760001                                 00000000000000  000000000000000000000000000000000000000000000000000003376000                              7898031810223       000000000000000000000000000000000000
04144230080505202600000000050000011050001                                 00000000000000  000000000000000000000000000000000000000000000000000001105000                              17209894            000000000000000000000000000000000000
04073557220505202600000000050000016000001                                 00000000000000  000000000000000000000000000000000000000000000000000001600000                              7898096852244       000000000000000000000000000000000000
04104957960505202600000000050000011050001                                 00000000000000  000000000000000000000000000000000000000000000000000001105000                              17209894            000000000000000000000000000000000000
04100711550505202600000000050000011050001                                 00000000000000  000000000000000000000000000000000000000000000000000001105000                              17209894            000000000000000000000000000000000000
04109247020505202600000000050000011050001                                 00000000000000  000000000000000000000000000000000000000000000000000001105000                              17209894            000000000000000000000000000000000000
04127906800505202600000000050000103370001                                 00000000000000  000000000000000000000000000000000000000000000000000010337000                              17544242            000000000000000000000000000000000000
04134315900505202600000000050000089920001                                 00000000000000  000000000000000000000000000000000000000000000000000008992000                              7898427301519       000000000000000000000000000000000000
04065767340505202600000000050000062360001                                 00000000000000  000000000000000000000000000000000000000000000000000006236000                              7896029046760       000000000000000000000000000000000000
04092718130505202600000000050000011050001                                 00000000000000  000000000000000000000000000000000000000000000000000001105000                              17209894            000000000000000000000000000000000000
04080304980505202600000000050000018660001                                 00000000000000  000000000000000000000000000000000000000000000000000001866000                              7896027080001       000000000000000000000000000000000000
04071273570505202600000000050000106410001                                 00000000000000  000000000000000000000000000000000000000000000000000010641000                              17446038            000000000000000000000000000000000000
04128998060505202600000000050000033760001                                 00000000000000  000000000000000000000000000000000000000000000000000003376000                              7898031810223       000000000000000000000000000000000000
04072185250505202600000000050000078310001                                 00000000000000  000000000000000000000000000000000000000000000000000007831000                              17898692160061      000000000000000000000000000000000000
04114147430505202600000000050000011050001                                 00000000000000  000000000000000000000000000000000000000000000000000001105000                              17209894            000000000000000000000000000000000000
04103987760505202600000000050000011050001                                 00000000000000  000000000000000000000000000000000000000000000000000001105000                              17209894            000000000000000000000000000000000000
04128167140505202600000000050000011050001                                 00000000000000  000000000000000000000000000000000000000000000000000001105000                              17209894            000000000000000000000000000000000000
04159039370505202600000000050000011050001                                 00000000000000  000000000000000000000000000000000000000000000000000001105000                              17209894            000000000000000000000000000000000000
04080785470505202600000000050000011050001                                 00000000000000  000000000000000000000000000000000000000000000000000001105000                              17209894            000000000000000000000000000000000000
04118882120505202600000000050000011050001                                 00000000000000  000000000000000000000000000000000000000000000000000001105000                              17209894            000000000000000000000000000000000000
04094864310505202600000000050000005000001                                 00000000000000  000000000000000000000000000000000000000000000000000000500000                              7898074740259       000000000000000000000000000000000000
04084836410505202600000000050000011050001                                 00000000000000  000000000000000000000000000000000000000000000000000001105000                              17209894            000000000000000000000000000000000000
04012110930505202600000000050000011050001                                 00000000000000  000000000000000000000000000000000000000000000000000001105000                              17209894            000000000000000000000000000000000000
04103971560505202600000000050000033760001                                 00000000000000  000000000000000000000000000000000000000000000000000003376000                              7898031810223       000000000000000000000000000000000000
04117793360505202600000000050000011050001                                 00000000000000  000000000000000000000000000000000000000000000000000001105000                              17209894            000000000000000000000000000000000000
04094853090505202600000000050000005000001                                 00000000000000  000000000000000000000000000000000000000000000000000000500000                              7898074740259       000000000000000000000000000000000000
04121902910505202600000000050000011050001                                 00000000000000  000000000000000000000000000000000000000000000000000001105000                              17209894            000000000000000000000000000000000000
04071273640505202600000000050000133690001                                 00000000000000  000000000000000000000000000000000000000000000000000013369000                              17446041            000000000000000000000000000000000000
04103946020505202600000000050000059500001                                 00000000000000  000000000000000000000000000000000000000000000000000005950000                              7896185983312       000000000000000000000000000000000000
04124948820505202600000000050000015650001                                 00000000000000  000000000000000000000000000000000000000000000000000001565000                              7891126001186       000000000000000000000000000000000000
04118892410505202600000000050000011050001                                 00000000000000  000000000000000000000000000000000000000000000000000001105000                              17209894            000000000000000000000000000000000000
04151804650505202600000000050000011050001                                 00000000000000  000000000000000000000000000000000000000000000000000001105000                              17209894            000000000000000000000000000000000000
04126975290505202600000000050000033760001                                 00000000000000  000000000000000000000000000000000000000000000000000003376000                              7898031810223       000000000000000000000000000000000000
04014037740505202600000000050000011050001                                 00000000000000  000000000000000000000000000000000000000000000000000001105000                              17209894            000000000000000000000000000000000000
04093584650505202600000000050000103370001                                 00000000000000  000000000000000000000000000000000000000000000000000010337000                              17544242            000000000000000000000000000000000000
04124948770505202600000000050000015610001                                 00000000000000  000000000000000000000000000000000000000000000000000001561000                              7891126003593       000000000000000000000000000000000000
04073497260505202600000000050000078310001                                 00000000000000  000000000000000000000000000000000000000000000000000007831000                              17898692160061      000000000000000000000000000000000000
04150512310505202600000000050000011050001                                 00000000000000  000000000000000000000000000000000000000000000000000001105000                              17209894            000000000000000000000000000000000000
04164451900505202600000000050000094510001                                 00000000000000  000000000000000000000000000000000000000000000000000009451000                              17526067            000000000000000000000000000000000000
04130501810505202600000000050000059500001                                 00000000000000  000000000000000000000000000000000000000000000000000005950000                              7896185983312       000000000000000000000000000000000000
04103944030505202600000000050000117980001                                 00000000000000  000000000000000000000000000000000000000000000000000011798000                              17607553            000000000000000000000000000000000000
04080297210505202600000000050000018660001                                 00000000000000  000000000000000000000000000000000000000000000000000001866000                              7896027080001       000000000000000000000000000000000000
04128178560505202600000000050000033760001                                 00000000000000  000000000000000000000000000000000000000000000000000003376000                              7898031810223       000000000000000000000000000000000000
04128995870505202600000000050000101340001                                 00000000000000  000000000000000000000000000000000000000000000000000010134000                              17731867            000000000000000000000000000000000000
04066790380505202600000000050000089140001                                 00000000000000  000000000000000000000000000000000000000000000000000008914000                              17395450            000000000000000000000000000000000000
04143027400505202600000000050000011050001                                 00000000000000  000000000000000000000000000000000000000000000000000001105000                              17209894            000000000000000000000000000000000000
04069196660505202600000000050000011050001                                 00000000000000  000000000000000000000000000000000000000000000000000001105000                              17209894            000000000000000000000000000000000000
04107212600505202600000000050000062360001                                 00000000000000  000000000000000000000000000000000000000000000000000006236000                              7896029046760       000000000000000000000000000000000000
04150510420505202600000000050000011050001                                 00000000000000  000000000000000000000000000000000000000000000000000001105000                              17209894            000000000000000000000000000000000000
04141508390505202600000000050000106410001                                 00000000000000  000000000000000000000000000000000000000000000000000010641000                              17446038            000000000000000000000000000000000000
04076214420505202600000000050000059500001                                 00000000000000  000000000000000000000000000000000000000000000000000005950000                              7896185983312       000000000000000000000000000000000000
04142836370505202600000000050000117680001                                 00000000000000  000000000000000000000000000000000000000000000000000011768000                              17814776            000000000000000000000000000000000000
04130456640505202600000000050000016000001                                 00000000000000  000000000000000000000000000000000000000000000000000001600000                              7898096852244       000000000000000000000000000000000000
04084881040505202600000000050000011050001                                 00000000000000  000000000000000000000000000000000000000000000000000001105000                              17209894            000000000000000000000000000000000000
04080414870505202600000000050000033760001                                 00000000000000  000000000000000000000000000000000000000000000000000003376000                              7898031810223       000000000000000000000000000000000000
04084900400505202600000000050000011050001                                 00000000000000  000000000000000000000000000000000000000000000000000001105000                              17209894            000000000000000000000000000000000000
04094855620505202600000000050000005000001                                 00000000000000  000000000000000000000000000000000000000000000000000000500000                              7898074740259       000000000000000000000000000000000000
04097548100505202600000000050000059500001                                 00000000000000  000000000000000000000000000000000000000000000000000005950000                              7896185983312       000000000000000000000000000000000000
04144230070505202600000000050000011050001                                 00000000000000  000000000000000000000000000000000000000000000000000001105000                              17209894            000000000000000000000000000000000000
04128135070505202600000000050000015650001                                 00000000000000  000000000000000000000000000000000000000000000000000001565000                              7891126001186       000000000000000000000000000000000000
04159019460505202600000000050000011050001                                 00000000000000  000000000000000000000000000000000000000000000000000001105000                              17209894            000000000000000000000000000000000000
04135042710505202600000000050000011050001                                 00000000000000  000000000000000000000000000000000000000000000000000001105000                              17209894            000000000000000000000000000000000000
04103946040505202600000000050000059500001                                 00000000000000  000000000000000000000000000000000000000000000000000005950000                              7896185983312       000000000000000000000000000000000000
04072325410505202600000000050000011050001                                 00000000000000  000000000000000000000000000000000000000000000000000001105000                              17209894            000000000000000000000000000000000000
04146543780505202600000000050000011050001                                 00000000000000  000000000000000000000000000000000000000000000000000001105000                              17209894            000000000000000000000000000000000000
04121830090505202600000000060000075000001                                 00000000000000  000000000000000000000000000000000000000000000000000007500000                              17439396            000000000000000000000000000000000000
04124948790505202600000000060000014480001                                 00000000000000  000000000000000000000000000000000000000000000000000001448000                              7891126001063       000000000000000000000000000000000000
04098472080505202600000000060000205800001                                 00000000000000  000000000000000000000000000000000000000000000000000020580000                              7898242036016       000000000000000000000000000000000000
04073497280505202600000000060000075000001                                 00000000000000  000000000000000000000000000000000000000000000000000007500000                              17439396            000000000000000000000000000000000000
04084950420505202600000000060000020800001                                 00000000000000  000000000000000000000000000000000000000000000000000002080000                              7896210500422       000000000000000000000000000000000000
04085650910505202600000000060000119900001                                 00000000000000  000000000000000000000000000000000000000000000000000011990000                              7898250782479       000000000000000000000000000000000000
04077814400505202600000000060000119900001                                 00000000000000  000000000000000000000000000000000000000000000000000011990000                              7898250782479       000000000000000000000000000000000000
04081018620505202600000000060000075000001                                 00000000000000  000000000000000000000000000000000000000000000000000007500000                              17439396            000000000000000000000000000000000000
04072185240505202600000000060000024940001                                 00000000000000  000000000000000000000000000000000000000000000000000002494000                              7898079240099       000000000000000000000000000000000000
04124622580505202600000000060000026410001                                 00000000000000  000000000000000000000000000000000000000000000000000002641000                              7891109146590       000000000000000000000000000000000000
04080297180505202600000000060000015490001                                 00000000000000  000000000000000000000000000000000000000000000000000001549000                              7898049717712       000000000000000000000000000000000000
04118875000505202600000000060000015490001                                 00000000000000  000000000000000000000000000000000000000000000000000001549000                              7898049717712       000000000000000000000000000000000000
04133463890505202600000000060000011050001                                 00000000000000  000000000000000000000000000000000000000000000000000001105000                              17652385            000000000000000000000000000000000000
04103971600505202600000000060000075000001                                 00000000000000  000000000000000000000000000000000000000000000000000007500000                              17439396            000000000000000000000000000000000000
04137857500505202600000000060000011050001                                 00000000000000  000000000000000000000000000000000000000000000000000001105000                              17652385            000000000000000000000000000000000000
04070326730505202600000000060000102380001                                 00000000000000  000000000000000000000000000000000000000000000000000010238000                              17439395            000000000000000000000000000000000000
04128994390505202600000000060000075110001                                 00000000000000  000000000000000000000000000000000000000000000000000007511000                              17449354            000000000000000000000000000000000000
04072185460505202600000000060000030120001                                 00000000000000  000000000000000000000000000000000000000000000000000003012000                              7897460020739       000000000000000000000000000000000000
04071277320505202600000000060000026650001                                 00000000000000  000000000000000000000000000000000000000000000000000002665000                              7891109146408       000000000000000000000000000000000000
04164313490505202600000000060000011180001                                 00000000000000  000000000000000000000000000000000000000000000000000001118000                              17731857            000000000000000000000000000000000000
04069055500505202600000000060000205800001                                 00000000000000  000000000000000000000000000000000000000000000000000020580000                              7898242036016       000000000000000000000000000000000000
04137718750505202600000000060000030120001                                 00000000000000  000000000000000000000000000000000000000000000000000003012000                              7897460020739       000000000000000000000000000000000000
04160329520505202600000000060000075000001                                 00000000000000  000000000000000000000000000000000000000000000000000007500000                              17439396            000000000000000000000000000000000000
04128990450505202600000000060000205800001                                 00000000000000  000000000000000000000000000000000000000000000000000020580000                              7898242036016       000000000000000000000000000000000000
04080776980505202600000000060000075000001                                 00000000000000  000000000000000000000000000000000000000000000000000007500000                              17439396            000000000000000000000000000000000000
04164231870505202600000000060000010930001                                 00000000000000  000000000000000000000000000000000000000000000000000001093000                              7908747900269       000000000000000000000000000000000000
04076163910505202600000000060000069900001                                 00000000000000  000000000000000000000000000000000000000000000000000006990000                              7898019861919       000000000000000000000000000000000000
04077814960505202600000000060000119900001                                 00000000000000  000000000000000000000000000000000000000000000000000011990000                              7898250782479       000000000000000000000000000000000000
04073497250505202600000000060000030120001                                 00000000000000  000000000000000000000000000000000000000000000000000003012000                              7897460020739       000000000000000000000000000000000000
04080415010505202600000000060000030120001                                 00000000000000  000000000000000000000000000000000000000000000000000003012000                              7897460020739       000000000000000000000000000000000000
04128992440505202600000000060000011180001                                 00000000000000  000000000000000000000000000000000000000000000000000001118000                              17731857            000000000000000000000000000000000000
04124622600505202600000000060000026410001                                 00000000000000  000000000000000000000000000000000000000000000000000002641000                              7891109146613       000000000000000000000000000000000000
04080415080505202600000000060000075110001                                 00000000000000  000000000000000000000000000000000000000000000000000007511000                              17449354            000000000000000000000000000000000000
04107088820505202600000000060000075000001                                 00000000000000  000000000000000000000000000000000000000000000000000007500000                              17439396            000000000000000000000000000000000000
04071277390505202600000000060000050370001                                 00000000000000  000000000000000000000000000000000000000000000000000005037000                              7895265700368       000000000000000000000000000000000000
04124622550505202600000000060000050370001                                 00000000000000  000000000000000000000000000000000000000000000000000005037000                              7895265700368       000000000000000000000000000000000000
04143020250505202600000000060000015490001                                 00000000000000  000000000000000000000000000000000000000000000000000001549000                              7898049717712       000000000000000000000000000000000000
04130604550505202600000000060000069900001                                 00000000000000  000000000000000000000000000000000000000000000000000006990000                              7898019861919       000000000000000000000000000000000000
04137718820505202600000000060000024940001                                 00000000000000  000000000000000000000000000000000000000000000000000002494000                              7898079240099       000000000000000000000000000000000000
04166655310505202600000000060000069900001                                 00000000000000  000000000000000000000000000000000000000000000000000006990000                              7898019861919       000000000000000000000000000000000000
04094882690505202600000000060000011050001                                 00000000000000  000000000000000000000000000000000000000000000000000001105000                              17493143            000000000000000000000000000000000000
04130589730505202600000000060000069900001                                 00000000000000  000000000000000000000000000000000000000000000000000006990000                              7898019861919       000000000000000000000000000000000000
04147423000505202600000000060000075000001                                 00000000000000  000000000000000000000000000000000000000000000000000007500000                              17439396            000000000000000000000000000000000000
04104965620505202600000000060000119900001                                 00000000000000  000000000000000000000000000000000000000000000000000011990000                              7898250782479       000000000000000000000000000000000000
04139987410505202600000000060000011180001                                 00000000000000  000000000000000000000000000000000000000000000000000001118000                              17731857            000000000000000000000000000000000000
04072300600505202600000000060000030120001                                 00000000000000  000000000000000000000000000000000000000000000000000003012000                              7897460020739       000000000000000000000000000000000000
04070318800505202600000000060000102380001                                 00000000000000  000000000000000000000000000000000000000000000000000010238000                              17439395            000000000000000000000000000000000000
04164089310505202600000000060000205800001                                 00000000000000  000000000000000000000000000000000000000000000000000020580000                              7898242036016       000000000000000000000000000000000000
04080775530505202600000000060000075000001                                 00000000000000  000000000000000000000000000000000000000000000000000007500000                              17439396            000000000000000000000000000000000000
04141540950505202600000000060000020800001                                 00000000000000  000000000000000000000000000000000000000000000000000002080000                              7896210500422       000000000000000000000000000000000000
04142838060505202600000000060000010140001                                 00000000000000  000000000000000000000000000000000000000000000000000001014000                              17814793            000000000000000000000000000000000000
04137718940505202600000000060000020800001                                 00000000000000  000000000000000000000000000000000000000000000000000002080000                              7896210500422       000000000000000000000000000000000000
04075809290505202600000000060000075000001                                 00000000000000  000000000000000000000000000000000000000000000000000007500000                              17439396            000000000000000000000000000000000000
04085650900505202600000000060000020800001                                 00000000000000  000000000000000000000000000000000000000000000000000002080000                              7896210500422       000000000000000000000000000000000000
04169975750505202600000000060000075000001                                 00000000000000  000000000000000000000000000000000000000000000000000007500000                              17439396            000000000000000000000000000000000000
04121634760505202600000000060000011050001                                 00000000000000  000000000000000000000000000000000000000000000000000001105000                              17652385            000000000000000000000000000000000000
04080414980505202600000000060000024940001                                 00000000000000  000000000000000000000000000000000000000000000000000002494000                              7898079240099       000000000000000000000000000000000000
04072185230505202600000000060000024940001                                 00000000000000  000000000000000000000000000000000000000000000000000002494000                              7898079240099       000000000000000000000000000000000000
04124622570505202600000000060000026410001                                 00000000000000  000000000000000000000000000000000000000000000000000002641000                              7891109146392       000000000000000000000000000000000000
04077868570505202600000000060000119900001                                 00000000000000  000000000000000000000000000000000000000000000000000011990000                              7898250782479       000000000000000000000000000000000000
04083839120505202600000000060000011050001                                 00000000000000  000000000000000000000000000000000000000000000000000001105000                              17493143            000000000000000000000000000000000000
04118874990505202600000000060000015490001                                 00000000000000  000000000000000000000000000000000000000000000000000001549000                              7898049717712       000000000000000000000000000000000000
04077850960505202600000000060000119900001                                 00000000000000  000000000000000000000000000000000000000000000000000011990000                              7898250782479       000000000000000000000000000000000000
04128994380505202600000000060000075110001                                 00000000000000  000000000000000000000000000000000000000000000000000007511000                              17449354            000000000000000000000000000000000000
04092728080505202600000000060000023930001                                 00000000000000  000000000000000000000000000000000000000000000000000002393000                              7898586870413       000000000000000000000000000000000000
04142840940505202600000000060000050370001                                 00000000000000  000000000000000000000000000000000000000000000000000005037000                              7895265700368       000000000000000000000000000000000000
04137718740505202600000000060000030120001                                 00000000000000  000000000000000000000000000000000000000000000000000003012000                              7897460020739       000000000000000000000000000000000000
04042729340505202600000000060000022370001                                 00000000000000  000000000000000000000000000000000000000000000000000002237000                              7896413804105       000000000000000000000000000000000000
04117793340505202600000000060000075000001                                 00000000000000  000000000000000000000000000000000000000000000000000007500000                              17439396            000000000000000000000000000000000000
04080006150505202600000000060000119900001                                 00000000000000  000000000000000000000000000000000000000000000000000011990000                              7898250782479       000000000000000000000000000000000000
04121666870505202600000000060000075000001                                 00000000000000  000000000000000000000000000000000000000000000000000007500000                              17439396            000000000000000000000000000000000000
04128990440505202600000000060000205800001                                 00000000000000  000000000000000000000000000000000000000000000000000020580000                              7898242036016       000000000000000000000000000000000000
04080776700505202600000000060000075000001                                 00000000000000  000000000000000000000000000000000000000000000000000007500000                              17439396            000000000000000000000000000000000000
04124948800505202600000000060000014480001                                 00000000000000  000000000000000000000000000000000000000000000000000001448000                              7891126001063       000000000000000000000000000000000000
04098472090505202600000000060000205800001                                 00000000000000  000000000000000000000000000000000000000000000000000020580000                              7898242036016       000000000000000000000000000000000000
04121649670505202600000000060000075000001                                 00000000000000  000000000000000000000000000000000000000000000000000007500000                              17439396            000000000000000000000000000000000000
04084950430505202600000000060000020800001                                 00000000000000  000000000000000000000000000000000000000000000000000002080000                              7896210500422       000000000000000000000000000000000000
04164231860505202600000000060000010930001                                 00000000000000  000000000000000000000000000000000000000000000000000001093000                              7908747900269       000000000000000000000000000000000000
04118795430505202600000000060000020800001                                 00000000000000  000000000000000000000000000000000000000000000000000002080000                              7896210500422       000000000000000000000000000000000000
04165413760505202600000000060000011180001                                 00000000000000  000000000000000000000000000000000000000000000000000001118000                              17731857            000000000000000000000000000000000000
04077814670505202600000000060000119900001                                 00000000000000  000000000000000000000000000000000000000000000000000011990000                              7898250782479       000000000000000000000000000000000000
04080415000505202600000000060000030120001                                 00000000000000  000000000000000000000000000000000000000000000000000003012000                              7897460020739       000000000000000000000000000000000000
04124622590505202600000000060000026410001                                 00000000000000  000000000000000000000000000000000000000000000000000002641000                              7891109146613       000000000000000000000000000000000000
04080297190505202600000000060000015490001                                 00000000000000  000000000000000000000000000000000000000000000000000001549000                              7898049717712       000000000000000000000000000000000000
04080415070505202600000000060000075110001                                 00000000000000  000000000000000000000000000000000000000000000000000007511000                              17449354            000000000000000000000000000000000000
04071277380505202600000000060000050370001                                 00000000000000  000000000000000000000000000000000000000000000000000005037000                              7895265700368       000000000000000000000000000000000000
04124622540505202600000000060000050370001                                 00000000000000  000000000000000000000000000000000000000000000000000005037000                              7895265700368       000000000000000000000000000000000000
04084881070505202600000000060000020020001                                 00000000000000  000000000000000000000000000000000000000000000000000002002000                              17499945            000000000000000000000000000000000000
04144336250505202600000000060000075000001                                 00000000000000  000000000000000000000000000000000000000000000000000007500000                              17439396            000000000000000000000000000000000000
04147451180505202600000000060000075000001                                 00000000000000  000000000000000000000000000000000000000000000000000007500000                              17439396            000000000000000000000000000000000000
04072185470505202600000000060000030120001                                 00000000000000  000000000000000000000000000000000000000000000000000003012000                              7897460020739       000000000000000000000000000000000000
04071277330505202600000000060000026650001                                 00000000000000  000000000000000000000000000000000000000000000000000002665000                              7891109146408       000000000000000000000000000000000000
04150762830505202600000000060000011050001                                 00000000000000  000000000000000000000000000000000000000000000000000001105000                              17652385            000000000000000000000000000000000000
04164313500505202600000000060000075000001                                 00000000000000  000000000000000000000000000000000000000000000000000007500000                              17439396            000000000000000000000000000000000000
04090534330505202600000000060000119900001                                 00000000000000  000000000000000000000000000000000000000000000000000011990000                              7898250782479       000000000000000000000000000000000000
04069055510505202600000000060000205800001                                 00000000000000  000000000000000000000000000000000000000000000000000020580000                              7898242036016       000000000000000000000000000000000000
04114123040505202600000000060000011050001                                 00000000000000  000000000000000000000000000000000000000000000000000001105000                              17652385            000000000000000000000000000000000000
04083815410505202600000000060000011050001                                 00000000000000  000000000000000000000000000000000000000000000000000001105000                              17493143            000000000000000000000000000000000000
04103956250505202600000000060000003390001                                 00000000000000  000000000000000000000000000000000000000000000000000000339000                              7891000006689       000000000000000000000000000000000000
04164089290505202600000000060000205800001                                 00000000000000  000000000000000000000000000000000000000000000000000020580000                              7898242036016       000000000000000000000000000000000000
04076163920505202600000000060000069900001                                 00000000000000  000000000000000000000000000000000000000000000000000006990000                              7898019861919       000000000000000000000000000000000000
04072185320505202600000000060000075110001                                 00000000000000  000000000000000000000000000000000000000000000000000007511000                              17449354            000000000000000000000000000000000000
04114173610505202600000000060000011050001                                 00000000000000  000000000000000000000000000000000000000000000000000001105000                              17652385            000000000000000000000000000000000000
04081035100505202600000000060000030120001                                 00000000000000  000000000000000000000000000000000000000000000000000003012000                              7897460020739       000000000000000000000000000000000000
04118777800505202600000000060000075000001                                 00000000000000  000000000000000000000000000000000000000000000000000007500000                              17439396            000000000000000000000000000000000000
04072210880505202600000000060000075000001                                 00000000000000  000000000000000000000000000000000000000000000000000007500000                              17439396            000000000000000000000000000000000000
04114147450505202600000000060000011050001                                 00000000000000  000000000000000000000000000000000000000000000000000001105000                              17652465            000000000000000000000000000000000000
04080414970505202600000000060000024940001                                 00000000000000  000000000000000000000000000000000000000000000000000002494000                              7898079240099       000000000000000000000000000000000000
04141526070505202600000000060000020800001                                 00000000000000  000000000000000000000000000000000000000000000000000002080000                              7896210500422       000000000000000000000000000000000000
04160398560505202600000000060000119900001                                 00000000000000  000000000000000000000000000000000000000000000000000011990000                              7898250782479       000000000000000000000000000000000000
04124622560505202600000000060000026410001                                 00000000000000  000000000000000000000000000000000000000000000000000002641000                              7891109146392       000000000000000000000000000000000000
04130604830505202600000000060000069900001                                 00000000000000  000000000000000000000000000000000000000000000000000006990000                              7898019861919       000000000000000000000000000000000000
04137718830505202600000000060000024940001                                 00000000000000  000000000000000000000000000000000000000000000000000002494000                              7898079240099       000000000000000000000000000000000000
04128163720505202600000000060000011050001                                 00000000000000  000000000000000000000000000000000000000000000000000001105000                              17652465            000000000000000000000000000000000000
04100741740505202600000000060000102380001                                 00000000000000  000000000000000000000000000000000000000000000000000010238000                              17439395            000000000000000000000000000000000000
04124073870505202600000000060000075000001                                 00000000000000  000000000000000000000000000000000000000000000000000007500000                              17439396            000000000000000000000000000000000000
04124622500505202600000000060000026410001                                 00000000000000  000000000000000000000000000000000000000000000000000002641000                              7891109146606       000000000000000000000000000000000000
04130589740505202600000000060000069900001                                 00000000000000  000000000000000000000000000000000000000000000000000006990000                              7898019861919       000000000000000000000000000000000000
04103971580505202600000000060000102380001                                 00000000000000  000000000000000000000000000000000000000000000000000010238000                              17439395            000000000000000000000000000000000000
04092728070505202600000000060000023930001                                 00000000000000  000000000000000000000000000000000000000000000000000002393000                              7898586870413       000000000000000000000000000000000000
04142840930505202600000000060000050370001                                 00000000000000  000000000000000000000000000000000000000000000000000005037000                              7895265700368       000000000000000000000000000000000000
04070318810505202600000000060000075000001                                 00000000000000  000000000000000000000000000000000000000000000000000007500000                              17439396            000000000000000000000000000000000000
04080776100505202600000000060000075000001                                 00000000000000  000000000000000000000000000000000000000000000000000007500000                              17439396            000000000000000000000000000000000000
04108163620505202600000000070000044900001                                 00000000000000  000000000000000000000000000000000000000000000000000004490000                              17103075            000000000000000000000000000000000000
04097530120505202600000000070000156000001                                 00000000000000  000000000000000000000000000000000000000000000000000015600000                              17103788            000000000000000000000000000000000000
04077891120505202600000000070000036710001                                 00000000000000  000000000000000000000000000000000000000000000000000003671000                              7897515650546       000000000000000000000000000000000000
04161119200505202600000000070000036710001                                 00000000000000  000000000000000000000000000000000000000000000000000003671000                              7897515650546       000000000000000000000000000000000000
04127910580505202600000000070000036770001                                 00000000000000  000000000000000000000000000000000000000000000000000003677000                              7898387281135       000000000000000000000000000000000000
04159354740505202600000000070000105610001                                 00000000000000  000000000000000000000000000000000000000000000000000010561000                              7897348207283       000000000000000000000000000000000000
04126084800505202600000000070000156000001                                 00000000000000  000000000000000000000000000000000000000000000000000015600000                              17103788            000000000000000000000000000000000000
04099608970505202600000000070000036710001                                 00000000000000  000000000000000000000000000000000000000000000000000003671000                              7897515650546       000000000000000000000000000000000000
04119794230505202600000000070000105610001                                 00000000000000  000000000000000000000000000000000000000000000000000010561000                              7897348207283       000000000000000000000000000000000000
04128167150505202600000000070000044900001                                 00000000000000  000000000000000000000000000000000000000000000000000004490000                              17103075            000000000000000000000000000000000000
04080297150505202600000000070000036770001                                 00000000000000  000000000000000000000000000000000000000000000000000003677000                              7898387281135       000000000000000000000000000000000000
04087069340505202600000000070000156000001                                 00000000000000  000000000000000000000000000000000000000000000000000015600000                              17103788            000000000000000000000000000000000000
04083833330505202600000000070000156000001                                 00000000000000  000000000000000000000000000000000000000000000000000015600000                              17103788            000000000000000000000000000000000000
04118829960505202600000000070000098370001                                 00000000000000  000000000000000000000000000000000000000000000000000009837000                              7898907467773       000000000000000000000000000000000000
04161119220505202600000000070000016660001                                 00000000000000  000000000000000000000000000000000000000000000000000001666000                              7898364910058       000000000000000000000000000000000000
04069194530505202600000000070000036710001                                 00000000000000  000000000000000000000000000000000000000000000000000003671000                              7897515650546       000000000000000000000000000000000000
04137718770505202600000000070000036710001                                 00000000000000  000000000000000000000000000000000000000000000000000003671000                              7897515650546       000000000000000000000000000000000000
04149806280505202600000000070000098370001                                 00000000000000  000000000000000000000000000000000000000000000000000009837000                              7898907467773       000000000000000000000000000000000000
04042729320505202600000000070000036770001                                 00000000000000  000000000000000000000000000000000000000000000000000003677000                              7898387281135       000000000000000000000000000000000000
04164640370505202600000000070000044900001                                 00000000000000  000000000000000000000000000000000000000000000000000004490000                              17103075            000000000000000000000000000000000000
04090583650505202600000000070000098370001                                 00000000000000  000000000000000000000000000000000000000000000000000009837000                              7898907467773       000000000000000000000000000000000000
04079209220505202600000000070000156000001                                 00000000000000  000000000000000000000000000000000000000000000000000015600000                              17103788            000000000000000000000000000000000000
04069194760505202600000000070000016660001                                 00000000000000  000000000000000000000000000000000000000000000000000001666000                              7898364910058       000000000000000000000000000000000000
04134278940505202600000000070000105610001                                 00000000000000  000000000000000000000000000000000000000000000000000010561000                              7897348207283       000000000000000000000000000000000000
04108163420505202600000000070000044900001                                 00000000000000  000000000000000000000000000000000000000000000000000004490000                              17103075            000000000000000000000000000000000000
04128998040505202600000000070000036770001                                 00000000000000  000000000000000000000000000000000000000000000000000003677000                              7898387281135       000000000000000000000000000000000000
04091828950505202600000000070000156000001                                 00000000000000  000000000000000000000000000000000000000000000000000015600000                              17103788            000000000000000000000000000000000000
04095608880505202600000000070000156000001                                 00000000000000  000000000000000000000000000000000000000000000000000015600000                              17103788            000000000000000000000000000000000000
04159354730505202600000000070000105610001                                 00000000000000  000000000000000000000000000000000000000000000000000010561000                              7897348207283       000000000000000000000000000000000000
04108164090505202600000000070000044900001                                 00000000000000  000000000000000000000000000000000000000000000000000004490000                              17103075            000000000000000000000000000000000000
04137718910505202600000000070000016660001                                 00000000000000  000000000000000000000000000000000000000000000000000001666000                              7898364910058       000000000000000000000000000000000000
04119794220505202600000000070000105610001                                 00000000000000  000000000000000000000000000000000000000000000000000010561000                              7897348207283       000000000000000000000000000000000000
04080297140505202600000000070000036770001                                 00000000000000  000000000000000000000000000000000000000000000000000003677000                              7898387281135       000000000000000000000000000000000000
04118829950505202600000000070000098370001                                 00000000000000  000000000000000000000000000000000000000000000000000009837000                              7898907467773       000000000000000000000000000000000000
04069194520505202600000000070000036710001                                 00000000000000  000000000000000000000000000000000000000000000000000003671000                              7897515650546       000000000000000000000000000000000000
04137718760505202600000000070000036710001                                 00000000000000  000000000000000000000000000000000000000000000000000003671000                              7897515650546       000000000000000000000000000000000000
04159022940505202600000000070000044900001                                 00000000000000  000000000000000000000000000000000000000000000000000004490000                              17103075            000000000000000000000000000000000000
04149806270505202600000000070000098370001                                 00000000000000  000000000000000000000000000000000000000000000000000009837000                              7898907467773       000000000000000000000000000000000000
04100714290505202600000000070000156000001                                 00000000000000  000000000000000000000000000000000000000000000000000015600000                              17103788            000000000000000000000000000000000000
04072299100505202600000000070000105610001                                 00000000000000  000000000000000000000000000000000000000000000000000010561000                              7897348207283       000000000000000000000000000000000000
04069194750505202600000000070000016660001                                 00000000000000  000000000000000000000000000000000000000000000000000001666000                              7898364910058       000000000000000000000000000000000000
04134278930505202600000000070000105610001                                 00000000000000  000000000000000000000000000000000000000000000000000010561000                              7897348207283       000000000000000000000000000000000000
04077819320505202600000000070000156000001                                 00000000000000  000000000000000000000000000000000000000000000000000015600000                              17103788            000000000000000000000000000000000000
04113029200505202600000000070000156000001                                 00000000000000  000000000000000000000000000000000000000000000000000015600000                              17103788            000000000000000000000000000000000000
04079202890505202600000000070000156000001                                 00000000000000  000000000000000000000000000000000000000000000000000015600000                              17103788            000000000000000000000000000000000000
04083850310505202600000000070000036770001                                 00000000000000  000000000000000000000000000000000000000000000000000003677000                              7898387281135       000000000000000000000000000000000000
04042729330505202600000000070000036770001                                 00000000000000  000000000000000000000000000000000000000000000000000003677000                              7898387281135       000000000000000000000000000000000000
04080006140505202600000000070000156000001                                 00000000000000  000000000000000000000000000000000000000000000000000015600000                              17103788            000000000000000000000000000000000000
04080310850505202600000000070000036770001                                 00000000000000  000000000000000000000000000000000000000000000000000003677000                              7898387281135       000000000000000000000000000000000000
04107174550505202600000000080000089920001                                 00000000000000  000000000000000000000000000000000000000000000000000008992000                              7898427301540       000000000000000000000000000000000000
04080426240505202600000000080000039590001                                 00000000000000  000000000000000000000000000000000000000000000000000003959000                              7898232032158       000000000000000000000000000000000000
04081035120505202600000000080000129900001                                 00000000000000  000000000000000000000000000000000000000000000000000012990000                              7898486880062       000000000000000000000000000000000000
04118875150505202600000000080000009550001                                 00000000000000  000000000000000000000000000000000000000000000000000000955000                              7898906902350       000000000000000000000000000000000000
04130582970505202600000000080000089900001                                 00000000000000  000000000000000000000000000000000000000000000000000008990000                              17736476            000000000000000000000000000000000000
04080301580505202600000000080000111900001                                 00000000000000  000000000000000000000000000000000000000000000000000011190000                              17485682            000000000000000000000000000000000000
04099608950505202600000000080000039590001                                 00000000000000  000000000000000000000000000000000000000000000000000003959000                              7898232032158       000000000000000000000000000000000000
04108080670505202600000000080000089920001                                 00000000000000  000000000000000000000000000000000000000000000000000008992000                              7898427301540       000000000000000000000000000000000000
04141526090505202600000000080000017470001                                 00000000000000  000000000000000000000000000000000000000000000000000001747000                              7896210540985       000000000000000000000000000000000000
04167761320505202600000000080000089920001                                 00000000000000  000000000000000000000000000000000000000000000000000008992000                              7898427301540       000000000000000000000000000000000000
04095686970505202600000000080000090000001                                 00000000000000  000000000000000000000000000000000000000000000000000009000000                              17101454            000000000000000000000000000000000000
04143040840505202600000000080000129900001                                 00000000000000  000000000000000000000000000000000000000000000000000012990000                              7898486880062       000000000000000000000000000000000000
04137891430505202600000000080000017470001                                 00000000000000  000000000000000000000000000000000000000000000000000001747000                              7896210540985       000000000000000000000000000000000000
04072190470505202600000000080000129900001                                 00000000000000  000000000000000000000000000000000000000000000000000012990000                              7898486880062       000000000000000000000000000000000000
04080297130505202600000000080000008690001                                 00000000000000  000000000000000000000000000000000000000000000000000000869000                              7908295000282       000000000000000000000000000000000000
04073674790505202600000000080000129900001                                 00000000000000  000000000000000000000000000000000000000000000000000012990000                              7898486880062       000000000000000000000000000000000000
04098472210505202600000000080000154810001                                 00000000000000  000000000000000000000000000000000000000000000000000015481000                              7898242032223       000000000000000000000000000000000000
04080414840505202600000000080000039590001                                 00000000000000  000000000000000000000000000000000000000000000000000003959000                              7898232032158       000000000000000000000000000000000000
04164089420505202600000000080000154810001                                 00000000000000  000000000000000000000000000000000000000000000000000015481000                              7898242032223       000000000000000000000000000000000000
04149806260505202600000000080000079350001                                 00000000000000  000000000000000000000000000000000000000000000000000007935000                              7898907466967       000000000000000000000000000000000000
04113069780505202600000000080000039900001                                 00000000000000  000000000000000000000000000000000000000000000000000003990000                              7891268034370       000000000000000000000000000000000000
04131431690505202600000000080000039900001                                 00000000000000  000000000000000000000000000000000000000000000000000003990000                              7891268034370       000000000000000000000000000000000000
04134315910505202600000000080000089920001                                 00000000000000  000000000000000000000000000000000000000000000000000008992000                              7898427301540       000000000000000000000000000000000000
04072290030505202600000000080000015060001                                 00000000000000  000000000000000000000000000000000000000000000000000001506000                              7707064323757       000000000000000000000000000000000000
04113058650505202600000000080000090000001                                 00000000000000  000000000000000000000000000000000000000000000000000009000000                              17101454            000000000000000000000000000000000000
04130613990505202600000000080000039900001                                 00000000000000  000000000000000000000000000000000000000000000000000003990000                              7891268034370       000000000000000000000000000000000000
04104995530505202600000000080000367600001                                 00000000000000  000000000000000000000000000000000000000000000000000036760000                              7898659784852       000000000000000000000000000000000000
04092728110505202600000000080000039900001                                 00000000000000  000000000000000000000000000000000000000000000000000003990000                              7891268034370       000000000000000000000000000000000000
04126045110505202600000000080000039900001                                 00000000000000  000000000000000000000000000000000000000000000000000003990000                              7891268034370       000000000000000000000000000000000000
04080779060505202600000000080000090000001                                 00000000000000  000000000000000000000000000000000000000000000000000009000000                              17101454            000000000000000000000000000000000000
04069194430505202600000000080000039590001                                 00000000000000  000000000000000000000000000000000000000000000000000003959000                              7898232032158       000000000000000000000000000000000000
04099608990505202600000000080000039900001                                 00000000000000  000000000000000000000000000000000000000000000000000003990000                              7891268034370       000000000000000000000000000000000000
04069055640505202600000000080000154810001                                 00000000000000  000000000000000000000000000000000000000000000000000015481000                              7898242032223       000000000000000000000000000000000000
04130615500505202600000000080000039900001                                 00000000000000  000000000000000000000000000000000000000000000000000003990000                              7891268034370       000000000000000000000000000000000000
04143037810505202600000000080000129900001                                 00000000000000  000000000000000000000000000000000000000000000000000012990000                              7898486880062       000000000000000000000000000000000000
04080414930505202600000000080000029700001                                 00000000000000  000000000000000000000000000000000000000000000000000002970000                              7898632330410       000000000000000000000000000000000000
04072185180505202600000000080000015060001                                 00000000000000  000000000000000000000000000000000000000000000000000001506000                              7707064323757       000000000000000000000000000000000000
04072189910505202600000000080000129900001                                 00000000000000  000000000000000000000000000000000000000000000000000012990000                              7898486880062       000000000000000000000000000000000000
04118875450505202600000000080000011900001                                 00000000000000  000000000000000000000000000000000000000000000000000001190000                              7898268383668       000000000000000000000000000000000000
04091725850505202600000000080000090000001                                 00000000000000  000000000000000000000000000000000000000000000000000009000000                              17101454            000000000000000000000000000000000000
04137718790505202600000000080000017470001                                 00000000000000  000000000000000000000000000000000000000000000000000001747000                              7896210540985       000000000000000000000000000000000000
04160355700505202600000000080000079350001                                 00000000000000  000000000000000000000000000000000000000000000000000007935000                              7898907466967       000000000000000000000000000000000000
04098472200505202600000000080000154810001                                 00000000000000  000000000000000000000000000000000000000000000000000015481000                              7898242032223       000000000000000000000000000000000000
04080414830505202600000000080000039590001                                 00000000000000  000000000000000000000000000000000000000000000000000003959000                              7898232032158       000000000000000000000000000000000000
04164089410505202600000000080000154810001                                 00000000000000  000000000000000000000000000000000000000000000000000015481000                              7898242032223       000000000000000000000000000000000000
04080779620505202600000000080000090000001                                 00000000000000  000000000000000000000000000000000000000000000000000009000000                              17101454            000000000000000000000000000000000000
04149806250505202600000000080000079350001                                 00000000000000  000000000000000000000000000000000000000000000000000007935000                              7898907466967       000000000000000000000000000000000000
04124966230505202600000000080000039900001                                 00000000000000  000000000000000000000000000000000000000000000000000003990000                              7891268034370       000000000000000000000000000000000000
04146543790505202600000000080000009490001                                 00000000000000  000000000000000000000000000000000000000000000000000000949000                              17689811            000000000000000000000000000000000000
04084950480505202600000000080000017470001                                 00000000000000  000000000000000000000000000000000000000000000000000001747000                              7896210540985       000000000000000000000000000000000000
04107174560505202600000000080000089920001                                 00000000000000  000000000000000000000000000000000000000000000000000008992000                              7898427301540       000000000000000000000000000000000000
04099682040505202600000000080000090000001                                 00000000000000  000000000000000000000000000000000000000000000000000009000000                              17101454            000000000000000000000000000000000000
04141540920505202600000000080000039900001                                 00000000000000  000000000000000000000000000000000000000000000000000003990000                              7891268034370       000000000000000000000000000000000000
04118875160505202600000000080000009550001                                 00000000000000  000000000000000000000000000000000000000000000000000000955000                              7898906902350       000000000000000000000000000000000000
04164486500505202600000000080000039900001                                 00000000000000  000000000000000000000000000000000000000000000000000003990000                              7891268034370       000000000000000000000000000000000000
04161139010505202600000000080000039900001                                 00000000000000  000000000000000000000000000000000000000000000000000003990000                              7891268034370       000000000000000000000000000000000000
04143041750505202600000000080000129900001                                 00000000000000  000000000000000000000000000000000000000000000000000012990000                              7898486880062       000000000000000000000000000000000000
04130613760505202600000000080000039900001                                 00000000000000  000000000000000000000000000000000000000000000000000003990000                              7891268034370       000000000000000000000000000000000000
04124610580505202600000000080000009490001                                 00000000000000  000000000000000000000000000000000000000000000000000000949000                              17689811            000000000000000000000000000000000000
04083842990505202600000000080000090000001                                 00000000000000  000000000000000000000000000000000000000000000000000009000000                              17101454            000000000000000000000000000000000000
04130456670505202600000000080000039590001                                 00000000000000  000000000000000000000000000000000000000000000000000003959000                              7898232032158       000000000000000000000000000000000000
04103938230505202600000000080000011830001                                 00000000000000  000000000000000000000000000000000000000000000000000001183000                              17607518            000000000000000000000000000000000000
04137718810505202600000000080000029700001                                 00000000000000  000000000000000000000000000000000000000000000000000002970000                              7898632330410       000000000000000000000000000000000000
04150505140505202600000000080000039900001                                 00000000000000  000000000000000000000000000000000000000000000000000003990000                              7891268034370       000000000000000000000000000000000000
04087034440505202600000000080000039590001                                 00000000000000  000000000000000000000000000000000000000000000000000003959000                              7898232032158       000000000000000000000000000000000000
04083830340505202600000000080000039590001                                 00000000000000  000000000000000000000000000000000000000000000000000003959000                              7898232032158       000000000000000000000000000000000000
04069194850505202600000000080000009550001                                 00000000000000  000000000000000000000000000000000000000000000000000000955000                              7898906902350       000000000000000000000000000000000000
04103949570505202600000000080000039590001                                 00000000000000  000000000000000000000000000000000000000000000000000003959000                              7898232032158       000000000000000000000000000000000000
04097548080505202600000000080000039900001                                 00000000000000  000000000000000000000000000000000000000000000000000003990000                              7891268034370       000000000000000000000000000000000000
04153636000505202600000000080000039900001                                 00000000000000  000000000000000000000000000000000000000000000000000003990000                              7891268034370       000000000000000000000000000000000000
04090583640505202600000000080000079350001                                 00000000000000  000000000000000000000000000000000000000000000000000007935000                              7898907466967       000000000000000000000000000000000000
04069194420505202600000000080000039590001                                 00000000000000  000000000000000000000000000000000000000000000000000003959000                              7898232032158       000000000000000000000000000000000000
04130614860505202600000000080000039900001                                 00000000000000  000000000000000000000000000000000000000000000000000003990000                              7891268034370       000000000000000000000000000000000000
04126079500505202600000000080000039900001                                 00000000000000  000000000000000000000000000000000000000000000000000003990000                              7891268034370       000000000000000000000000000000000000
04145420350505202600000000080000089900001                                 00000000000000  000000000000000000000000000000000000000000000000000008990000                              17736476            000000000000000000000000000000000000
04134548750505202600000000080000089900001                                 00000000000000  000000000000000000000000000000000000000000000000000008990000                              17736476            000000000000000000000000000000000000
04104995540505202600000000080000367600001                                 00000000000000  000000000000000000000000000000000000000000000000000036760000                              7898659784852       000000000000000000000000000000000000
04100755480505202600000000080000090000001                                 00000000000000  000000000000000000000000000000000000000000000000000009000000                              17101454            000000000000000000000000000000000000
04080414920505202600000000080000029700001                                 00000000000000  000000000000000000000000000000000000000000000000000002970000                              7898632330410       000000000000000000000000000000000000
04072185170505202600000000080000015060001                                 00000000000000  000000000000000000000000000000000000000000000000000001506000                              7707064323757       000000000000000000000000000000000000
04092728120505202600000000080000039900001                                 00000000000000  000000000000000000000000000000000000000000000000000003990000                              7891268034370       000000000000000000000000000000000000
04095608870505202600000000080000039900001                                 00000000000000  000000000000000000000000000000000000000000000000000003990000                              7891268034370       000000000000000000000000000000000000
04118875440505202600000000080000011900001                                 00000000000000  000000000000000000000000000000000000000000000000000001190000                              7898268383668       000000000000000000000000000000000000
04080030300505202600000000080000015060001                                 00000000000000  000000000000000000000000000000000000000000000000000001506000                              7707064323757       000000000000000000000000000000000000
04103267900505202600000000080000039900001                                 00000000000000  000000000000000000000000000000000000000000000000000003990000                              7891268034370       000000000000000000000000000000000000
04119743400505202600000000080000090000001                                 00000000000000  000000000000000000000000000000000000000000000000000009000000                              17101454            000000000000000000000000000000000000
04080779350505202600000000080000090000001                                 00000000000000  000000000000000000000000000000000000000000000000000009000000                              17101454            000000000000000000000000000000000000
04162144250505202600000000090000011180001                                 00000000000000  000000000000000000000000000000000000000000000000000001118000                              17652384            000000000000000000000000000000000000
04114127370505202600000000090000000000001                                 00000000000000  000000000000000000000000000000000000000000000000000000000000                              17896803030012      000000000000000000000000000000000000
04013310400505202600000000090000143360001                                 00000000000000  000000000000000000000000000000000000000000000000000014336000                              7898242034265       000000000000000000000000000000000000
04084920470505202600000000090000000000001                                 00000000000000  000000000000000000000000000000000000000000000000000000000000                              17896803030012      000000000000000000000000000000000000
04095608890505202600000000090000014390001                                 00000000000000  000000000000000000000000000000000000000000000000000001439000                              17401208            000000000000000000000000000000000000
04136934450505202600000000090000000000001                                 00000000000000  000000000000000000000000000000000000000000000000000000000000                              17896803030012      000000000000000000000000000000000000
04098513010505202600000000090000000000001                                 00000000000000  000000000000000000000000000000000000000000000000000000000000                              17896803030012      000000000000000000000000000000000000
04129001290505202600000000090000173990001                                 00000000000000  000000000000000000000000000000000000000000000000000017399000                              7891000116487       000000000000000000000000000000000000
04084826560505202600000000090000093880001                                 00000000000000  000000000000000000000000000000000000000000000000000009388000                              17499668            000000000000000000000000000000000000
04069194640505202600000000090000014390001                                 00000000000000  000000000000000000000000000000000000000000000000000001439000                              17401208            000000000000000000000000000000000000
04090534340505202600000000090000014390001                                 00000000000000  000000000000000000000000000000000000000000000000000001439000                              17401208            000000000000000000000000000000000000
04128990540505202600000000090000143360001                                 00000000000000  000000000000000000000000000000000000000000000000000014336000                              7898242034265       000000000000000000000000000000000000
04090592940505202600000000090000093880001                                 00000000000000  000000000000000000000000000000000000000000000000000009388000                              17499668            000000000000000000000000000000000000
04115439050505202600000000090000143360001                                 00000000000000  000000000000000000000000000000000000000000000000000014336000                              7898242034265       000000000000000000000000000000000000
04090583600505202600000000090000011230001                                 00000000000000  000000000000000000000000000000000000000000000000000001123000                              17526069            000000000000000000000000000000000000
04114127360505202600000000090000000000001                                 00000000000000  000000000000000000000000000000000000000000000000000000000000                              17896803030012      000000000000000000000000000000000000
04160438030505202600000000090000015990001                                 00000000000000  000000000000000000000000000000000000000000000000000001599000                              17912271            000000000000000000000000000000000000
04167761310505202600000000090000173990001                                 00000000000000  000000000000000000000000000000000000000000000000000017399000                              7891000116487       000000000000000000000000000000000000
04114123020505202600000000090000011180001                                 00000000000000  000000000000000000000000000000000000000000000000000001118000                              17652384            000000000000000000000000000000000000
04013310410505202600000000090000143360001                                 00000000000000  000000000000000000000000000000000000000000000000000014336000                              7898242034265       000000000000000000000000000000000000
04159039420505202600000000090000015990001                                 00000000000000  000000000000000000000000000000000000000000000000000001599000                              17912271            000000000000000000000000000000000000
04100755510505202600000000090000011230001                                 00000000000000  000000000000000000000000000000000000000000000000000001123000                              17526069            000000000000000000000000000000000000
04114139030505202600000000090000143360001                                 00000000000000  000000000000000000000000000000000000000000000000000014336000                              7898242034265       000000000000000000000000000000000000
04098513020505202600000000090000000000001                                 00000000000000  000000000000000000000000000000000000000000000000000000000000                              17896803030012      000000000000000000000000000000000000
04084863660505202600000000090000000000001                                 00000000000000  000000000000000000000000000000000000000000000000000000000000                              17896803030012      000000000000000000000000000000000000
04068985890505202600000000090000000390001                                 00000000000000  000000000000000000000000000000000000000000000000000000039000                              7897889102566       000000000000000000000000000000000000
04075809330505202600000000090000014390001                                 00000000000000  000000000000000000000000000000000000000000000000000001439000                              17401208            000000000000000000000000000000000000
04129001300505202600000000090000173990001                                 00000000000000  000000000000000000000000000000000000000000000000000017399000                              7891000116487       000000000000000000000000000000000000
04164606610505202600000000090000123910001                                 00000000000000  000000000000000000000000000000000000000000000000000012391000                              17939206            000000000000000000000000000000000000
04160438020505202600000000090000015990001                                 00000000000000  000000000000000000000000000000000000000000000000000001599000                              17912271            000000000000000000000000000000000000
04164086750505202600000000090000123910001                                 00000000000000  000000000000000000000000000000000000000000000000000012391000                              17939206            000000000000000000000000000000000000
04042729430505202600000000090000000390001                                 00000000000000  000000000000000000000000000000000000000000000000000000039000                              7897889102566       000000000000000000000000000000000000
04118829820505202600000000100000096570001                                 00000000000000  000000000000000000000000000000000000000000000000000009657000                              17666884            000000000000000000000000000000000000
04114173630505202600000000100000114900001                                 00000000000000  000000000000000000000000000000000000000000000000000011490000                              7898250782660       000000000000000000000000000000000000
04071278660505202600000000100000114900001                                 00000000000000  000000000000000000000000000000000000000000000000000011490000                              7898250782660       000000000000000000000000000000000000
04164486490505202600000000100000017130001                                 00000000000000  000000000000000000000000000000000000000000000000000001713000                              7898121841175       000000000000000000000000000000000000
04091763570505202600000000100000114900001                                 00000000000000  000000000000000000000000000000000000000000000000000011490000                              7898250782660       000000000000000000000000000000000000
04164087280505202600000000100000101860001                                 00000000000000  000000000000000000000000000000000000000000000000000010186000                              17939212            000000000000000000000000000000000000
04155616440505202600000000100000067710001                                 00000000000000  000000000000000000000000000000000000000000000000000006771000                              17731863            000000000000000000000000000000000000
04080414940505202600000000100000036790001                                 00000000000000  000000000000000000000000000000000000000000000000000003679000                              7908794000578       000000000000000000000000000000000000
04128995840505202600000000100000115580001                                 00000000000000  000000000000000000000000000000000000000000000000000011558000                              17731864            000000000000000000000000000000000000
04092728140505202600000000100000017130001                                 00000000000000  000000000000000000000000000000000000000000000000000001713000                              7898121841175       000000000000000000000000000000000000
04087082530505202600000000100000114900001                                 00000000000000  000000000000000000000000000000000000000000000000000011490000                              7898250782660       000000000000000000000000000000000000
04083842980505202600000000100000114900001                                 00000000000000  000000000000000000000000000000000000000000000000000011490000                              7898250782660       000000000000000000000000000000000000
04077850970505202600000000100000114900001                                 00000000000000  000000000000000000000000000000000000000000000000000011490000                              7898250782660       000000000000000000000000000000000000
04137718800505202600000000100000036790001                                 00000000000000  000000000000000000000000000000000000000000000000000003679000                              7908794000578       000000000000000000000000000000000000
04084900420505202600000000100000010800001                                 00000000000000  000000000000000000000000000000000000000000000000000001080000                              7898932650096       000000000000000000000000000000000000
04042729400505202600000000100000000890001                                 00000000000000  000000000000000000000000000000000000000000000000000000089000                              7897889104164       000000000000000000000000000000000000
04084868070505202600000000100000073090001                                 00000000000000  000000000000000000000000000000000000000000000000000007309000                              17499913            000000000000000000000000000000000000
04159022930505202600000000100000114900001                                 00000000000000  000000000000000000000000000000000000000000000000000011490000                              7898250782660       000000000000000000000000000000000000
04077835900505202600000000100000114900001                                 00000000000000  000000000000000000000000000000000000000000000000000011490000                              7898250782660       000000000000000000000000000000000000
04042729300505202600000000100000010800001                                 00000000000000  000000000000000000000000000000000000000000000000000001080000                              7898932650096       000000000000000000000000000000000000
04107174570505202600000000100000007640001                                 00000000000000  000000000000000000000000000000000000000000000000000000764000                              7891040106363       000000000000000000000000000000000000
04071273630505202600000000100000017770001                                 00000000000000  000000000000000000000000000000000000000000000000000001777000                              17446040            000000000000000000000000000000000000
04090583630505202600000000100000086240001                                 00000000000000  000000000000000000000000000000000000000000000000000008624000                              7898907467711       000000000000000000000000000000000000
04103222540505202600000000100000108750001                                 00000000000000  000000000000000000000000000000000000000000000000000010875000                              17604218            000000000000000000000000000000000000
04142836510505202600000000100000011180001                                 00000000000000  000000000000000000000000000000000000000000000000000001118000                              17814780            000000000000000000000000000000000000
04161208280505202600000000100000179900001                                 00000000000000  000000000000000000000000000000000000000000000000000017990000                              17101835            000000000000000000000000000000000000
04097520200505202600000000100000022070001                                 00000000000000  000000000000000000000000000000000000000000000000000002207000                              7898934925208       000000000000000000000000000000000000
04092728160505202600000000100000022070001                                 00000000000000  000000000000000000000000000000000000000000000000000002207000                              7898934925208       000000000000000000000000000000000000
04100727850505202600000000100000114900001                                 00000000000000  000000000000000000000000000000000000000000000000000011490000                              7898250782660       000000000000000000000000000000000000
04109257150505202600000000100000073090001                                 00000000000000  000000000000000000000000000000000000000000000000000007309000                              17499913            000000000000000000000000000000000000
04075824900505202600000000100000010800001                                 00000000000000  000000000000000000000000000000000000000000000000000001080000                              7898932650096       000000000000000000000000000000000000
04149806230505202600000000100000086240001                                 00000000000000  000000000000000000000000000000000000000000000000000008624000                              7898907467711       000000000000000000000000000000000000
04121917030505202600000000100000114900001                                 00000000000000  000000000000000000000000000000000000000000000000000011490000                              7898250782660       000000000000000000000000000000000000
04097530160505202600000000100000022070001                                 00000000000000  000000000000000000000000000000000000000000000000000002207000                              7898934925208       000000000000000000000000000000000000
04121638760505202600000000100000073090001                                 00000000000000  000000000000000000000000000000000000000000000000000007309000                              17499913            000000000000000000000000000000000000
04130582960505202600000000100000092180001                                 00000000000000  000000000000000000000000000000000000000000000000000009218000                              17736475            000000000000000000000000000000000000
04077891160505202600000000100000114900001                                 00000000000000  000000000000000000000000000000000000000000000000000011490000                              7898250782660       000000000000000000000000000000000000
04155700900505202600000000100000114900001                                 00000000000000  000000000000000000000000000000000000000000000000000011490000                              7898250782660       000000000000000000000000000000000000
04128995830505202600000000100000067710001                                 00000000000000  000000000000000000000000000000000000000000000000000006771000                              17731863            000000000000000000000000000000000000
04092728130505202600000000100000017130001                                 00000000000000  000000000000000000000000000000000000000000000000000001713000                              7898121841175       000000000000000000000000000000000000
04142836380505202600000000100000096750001                                 00000000000000  000000000000000000000000000000000000000000000000000009675000                              17814777            000000000000000000000000000000000000
04042729390505202600000000100000000780001                                 00000000000000  000000000000000000000000000000000000000000000000000000078000                              7897889102283       000000000000000000000000000000000000
04150505120505202600000000100000010800001                                 00000000000000  000000000000000000000000000000000000000000000000000001080000                              7898932650096       000000000000000000000000000000000000
04072185450505202600000000100000036790001                                 00000000000000  000000000000000000000000000000000000000000000000000003679000                              7908794000578       000000000000000000000000000000000000
04077835560505202600000000100000114900001                                 00000000000000  000000000000000000000000000000000000000000000000000011490000                              7898250782660       000000000000000000000000000000000000
04071346110505202600000000100000010800001                                 00000000000000  000000000000000000000000000000000000000000000000000001080000                              7898932650096       000000000000000000000000000000000000
04071278670505202600000000100000114900001                                 00000000000000  000000000000000000000000000000000000000000000000000011490000                              7898250782660       000000000000000000000000000000000000
04142836500505202600000000100000017770001                                 00000000000000  000000000000000000000000000000000000000000000000000001777000                              17814779            000000000000000000000000000000000000
04161207470505202600000000100000179900001                                 00000000000000  000000000000000000000000000000000000000000000000000017990000                              17101835            000000000000000000000000000000000000
04164087290505202600000000100000068230001                                 00000000000000  000000000000000000000000000000000000000000000000000006823000                              17939213            000000000000000000000000000000000000
04092728150505202600000000100000022070001                                 00000000000000  000000000000000000000000000000000000000000000000000002207000                              7898934925208       000000000000000000000000000000000000
04103971610505202600000000100000073090001                                 00000000000000  000000000000000000000000000000000000000000000000000007309000                              17499913            000000000000000000000000000000000000
04137857510505202600000000100000067710001                                 00000000000000  000000000000000000000000000000000000000000000000000006771000                              17731863            000000000000000000000000000000000000
04130427800505202600000000100000067710001                                 00000000000000  000000000000000000000000000000000000000000000000000006771000                              17731863            000000000000000000000000000000000000
04077837220505202600000000100000114900001                                 00000000000000  000000000000000000000000000000000000000000000000000011490000                              7898250782660       000000000000000000000000000000000000
04104946940505202600000000100000073090001                                 00000000000000  000000000000000000000000000000000000000000000000000007309000                              17499913            000000000000000000000000000000000000
04075824890505202600000000100000010800001                                 00000000000000  000000000000000000000000000000000000000000000000000001080000                              7898932650096       000000000000000000000000000000000000
04107174580505202600000000100000007640001                                 00000000000000  000000000000000000000000000000000000000000000000000000764000                              7891040106363       000000000000000000000000000000000000
04097530150505202600000000100000017130001                                 00000000000000  000000000000000000000000000000000000000000000000000001713000                              7898121841175       000000000000000000000000000000000000
04085673150505202600000000100000114900001                                 00000000000000  000000000000000000000000000000000000000000000000000011490000                              7898250782660       000000000000000000000000000000000000
04161210000505202600000000100000179900001                                 00000000000000  000000000000000000000000000000000000000000000000000017990000                              17101835            000000000000000000000000000000000000
04121638750505202600000000100000073090001                                 00000000000000  000000000000000000000000000000000000000000000000000007309000                              17499913            000000000000000000000000000000000000
04088006800505202600000000100000114900001                                 00000000000000  000000000000000000000000000000000000000000000000000011490000                              7898250782660       000000000000000000000000000000000000
04118875030505202600000000100000022950001                                 00000000000000  000000000000000000000000000000000000000000000000000002295000                              17667024            000000000000000000000000000000000000
04090583490505202600000000100000109290001                                 00000000000000  000000000000000000000000000000000000000000000000000010929000                              17526068            000000000000000000000000000000000000
04072437600505202600000000100000114900001                                 00000000000000  000000000000000000000000000000000000000000000000000011490000                              7898250782660       000000000000000000000000000000000000
04126045120505202600000000100000010800001                                 00000000000000  000000000000000000000000000000000000000000000000000001080000                              7898932650096       000000000000000000000000000000000000
04126036390505202600000000100000114900001                                 00000000000000  000000000000000000000000000000000000000000000000000011490000                              7898250782660       000000000000000000000000000000000000
04149806240505202600000000100000086240001                                 00000000000000  000000000000000000000000000000000000000000000000000008624000                              7898907467711       000000000000000000000000000000000000
04121917040505202600000000100000114900001                                 00000000000000  000000000000000000000000000000000000000000000000000011490000                              7898250782660       000000000000000000000000000000000000
04077834740505202600000000100000114900001                                 00000000000000  000000000000000000000000000000000000000000000000000011490000                              7898250782660       000000000000000000000000000000000000
04077826630505202600000000110000079900001                                 00000000000000  000000000000000000000000000000000000000000000000000007990000                              7898250780017       000000000000000000000000000000000000
04072290010505202600000000110000009290001                                 00000000000000  000000000000000000000000000000000000000000000000000000929000                              7896210503546       000000000000000000000000000000000000
04164634660505202600000000110000079900001                                 00000000000000  000000000000000000000000000000000000000000000000000007990000                              7898250780017       000000000000000000000000000000000000
04103949810505202600000000110000011360001                                 00000000000000  000000000000000000000000000000000000000000000000000001136000                              7898568971404       000000000000000000000000000000000000
04075809300505202600000000110000009290001                                 00000000000000  000000000000000000000000000000000000000000000000000000929000                              7896210503546       000000000000000000000000000000000000
04141532540505202600000000110000069900001                                 00000000000000  000000000000000000000000000000000000000000000000000006990000                              7898250780734       000000000000000000000000000000000000
04150768640505202600000000110000079900001                                 00000000000000  000000000000000000000000000000000000000000000000000007990000                              7898250780017       000000000000000000000000000000000000
04072433880505202600000000110000009290001                                 00000000000000  000000000000000000000000000000000000000000000000000000929000                              7896210503546       000000000000000000000000000000000000
04164239790505202600000000110000176340001                                 00000000000000  000000000000000000000000000000000000000000000000000017634000                              7896029092491       000000000000000000000000000000000000
04077842130505202600000000110000069900001                                 00000000000000  000000000000000000000000000000000000000000000000000006990000                              7898250780734       000000000000000000000000000000000000
04072307280505202600000000110000099770001                                 00000000000000  000000000000000000000000000000000000000000000000000009977000                              7896803018112       000000000000000000000000000000000000
04114127390505202600000000110000099770001                                 00000000000000  000000000000000000000000000000000000000000000000000009977000                              7896803018112       000000000000000000000000000000000000
04069194740505202600000000110000021480001                                 00000000000000  000000000000000000000000000000000000000000000000000002148000                              17401209            000000000000000000000000000000000000
04113026370505202600000000110000079900001                                 00000000000000  000000000000000000000000000000000000000000000000000007990000                              7898250780017       000000000000000000000000000000000000
04164606600505202600000000110000079900001                                 00000000000000  000000000000000000000000000000000000000000000000000007990000                              7898250780017       000000000000000000000000000000000000
04164231820505202600000000110000021480001                                 00000000000000  000000000000000000000000000000000000000000000000000002148000                              17401209            000000000000000000000000000000000000
04107212590505202600000000110000176340001                                 00000000000000  000000000000000000000000000000000000000000000000000017634000                              7896029092491       000000000000000000000000000000000000
04143001050505202600000000110000079900001                                 00000000000000  000000000000000000000000000000000000000000000000000007990000                              7898250780017       000000000000000000000000000000000000
04100714300505202600000000110000079900001                                 00000000000000  000000000000000000000000000000000000000000000000000007990000                              7898250780017       000000000000000000000000000000000000
04077841270505202600000000110000069900001                                 00000000000000  000000000000000000000000000000000000000000000000000006990000                              7898250780734       000000000000000000000000000000000000
04072185020505202600000000110000009290001                                 00000000000000  000000000000000000000000000000000000000000000000000000929000                              7896210503546       000000000000000000000000000000000000
04115412010505202600000000110000176340001                                 00000000000000  000000000000000000000000000000000000000000000000000017634000                              7896029092491       000000000000000000000000000000000000
04107116980505202600000000110000079900001                                 00000000000000  000000000000000000000000000000000000000000000000000007990000                              7898250780017       000000000000000000000000000000000000
04085673160505202600000000110000069900001                                 00000000000000  000000000000000000000000000000000000000000000000000006990000                              7898250780734       000000000000000000000000000000000000
04077825820505202600000000110000079900001                                 00000000000000  000000000000000000000000000000000000000000000000000007990000                              7898250780017       000000000000000000000000000000000000
04079202900505202600000000110000079900001                                 00000000000000  000000000000000000000000000000000000000000000000000007990000                              7898250780017       000000000000000000000000000000000000
04103949800505202600000000110000011360001                                 00000000000000  000000000000000000000000000000000000000000000000000001136000                              7898568971404       000000000000000000000000000000000000
04141529610505202600000000110000079900001                                 00000000000000  000000000000000000000000000000000000000000000000000007990000                              7898250780017       000000000000000000000000000000000000
04087082520505202600000000110000079900001                                 00000000000000  000000000000000000000000000000000000000000000000000007990000                              7898250780017       000000000000000000000000000000000000
04077841800505202600000000110000069900001                                 00000000000000  000000000000000000000000000000000000000000000000000006990000                              7898250780734       000000000000000000000000000000000000
04083815440505202600000000110000011050001                                 00000000000000  000000000000000000000000000000000000000000000000000001105000                              17493144            000000000000000000000000000000000000
04093735270505202600000000110000099770001                                 00000000000000  000000000000000000000000000000000000000000000000000009977000                              7896803018112       000000000000000000000000000000000000
04084863640505202600000000110000099770001                                 00000000000000  000000000000000000000000000000000000000000000000000009977000                              7896803018112       000000000000000000000000000000000000
04077827050505202600000000110000079900001                                 00000000000000  000000000000000000000000000000000000000000000000000007990000                              7898250780017       000000000000000000000000000000000000
04114127380505202600000000110000099770001                                 00000000000000  000000000000000000000000000000000000000000000000000009977000                              7896803018112       000000000000000000000000000000000000
04164231810505202600000000110000021480001                                 00000000000000  000000000000000000000000000000000000000000000000000002148000                              17401209            000000000000000000000000000000000000
04107212580505202600000000110000176340001                                 00000000000000  000000000000000000000000000000000000000000000000000017634000                              7896029092491       000000000000000000000000000000000000
04164239800505202600000000110000176340001                                 00000000000000  000000000000000000000000000000000000000000000000000017634000                              7896029092491       000000000000000000000000000000000000
04124070250505202600000000110000176340001                                 00000000000000  000000000000000000000000000000000000000000000000000017634000                              7896029092491       000000000000000000000000000000000000
04161119210505202600000000110000021480001                                 00000000000000  000000000000000000000000000000000000000000000000000002148000                              17401209            000000000000000000000000000000000000
04072307290505202600000000110000099770001                                 00000000000000  000000000000000000000000000000000000000000000000000009977000                              7896803018112       000000000000000000000000000000000000
04118875420505202600000000110000009290001                                 00000000000000  000000000000000000000000000000000000000000000000000000929000                              7896210503546       000000000000000000000000000000000000
04107116970505202600000000110000079900001                                 00000000000000  000000000000000000000000000000000000000000000000000007990000                              7898250780017       000000000000000000000000000000000000
04164231880505202600000000110000009290001                                 00000000000000  000000000000000000000000000000000000000000000000000000929000                              7896210503546       000000000000000000000000000000000000
04128234410505202600000000110000009290001                                 00000000000000  000000000000000000000000000000000000000000000000000000929000                              7896210503546       000000000000000000000000000000000000
04161138980505202600000000110000011360001                                 00000000000000  000000000000000000000000000000000000000000000000000001136000                              7898568971404       000000000000000000000000000000000000
04095686950505202600000000110000079900001                                 00000000000000  000000000000000000000000000000000000000000000000000007990000                              7898250780017       000000000000000000000000000000000000
04077841770505202600000000110000069900001                                 00000000000000  000000000000000000000000000000000000000000000000000006990000                              7898250780734       000000000000000000000000000000000000
04072185030505202600000000110000009290001                                 00000000000000  000000000000000000000000000000000000000000000000000000929000                              7896210503546       000000000000000000000000000000000000
04146556180505202600000000110000011050001                                 00000000000000  000000000000000000000000000000000000000000000000000001105000                              17493144            000000000000000000000000000000000000
04084863630505202600000000110000099770001                                 00000000000000  000000000000000000000000000000000000000000000000000009977000                              7896803018112       000000000000000000000000000000000000
04124617660505202600000000120000083780001                                 00000000000000  000000000000000000000000000000000000000000000000000008378000                              7898905926432       000000000000000000000000000000000000
04079198950505202600000000120000143750001                                 00000000000000  000000000000000000000000000000000000000000000000000014375000                              7898242032018       000000000000000000000000000000000000
04091828960505202600000000120000143750001                                 00000000000000  000000000000000000000000000000000000000000000000000014375000                              7898242032018       000000000000000000000000000000000000
04072307350505202600000000120000095550001                                 00000000000000  000000000000000000000000000000000000000000000000000009555000                              17896803071367      000000000000000000000000000000000000
04118875460505202600000000120000015280001                                 00000000000000  000000000000000000000000000000000000000000000000000001528000                              7896210503553       000000000000000000000000000000000000
04165541280505202600000000120000143750001                                 00000000000000  000000000000000000000000000000000000000000000000000014375000                              7898242032018       000000000000000000000000000000000000
04098512960505202600000000120000095550001                                 00000000000000  000000000000000000000000000000000000000000000000000009555000                              17896803071367      000000000000000000000000000000000000
04142838090505202600000000120000010140001                                 00000000000000  000000000000000000000000000000000000000000000000000001014000                              17814794            000000000000000000000000000000000000
04114185890505202600000000120000143750001                                 00000000000000  000000000000000000000000000000000000000000000000000014375000                              7898242032018       000000000000000000000000000000000000
04114127330505202600000000120000095550001                                 00000000000000  000000000000000000000000000000000000000000000000000009555000                              17896803071367      000000000000000000000000000000000000
04069055620505202600000000120000143750001                                 00000000000000  000000000000000000000000000000000000000000000000000014375000                              7898242032018       000000000000000000000000000000000000
04137718870505202600000000120000014300001                                 00000000000000  000000000000000000000000000000000000000000000000000001430000                              7898374663746       000000000000000000000000000000000000
04128990590505202600000000120000143750001                                 00000000000000  000000000000000000000000000000000000000000000000000014375000                              7898242032018       000000000000000000000000000000000000
04137891400505202600000000120000015280001                                 00000000000000  000000000000000000000000000000000000000000000000000001528000                              7896210503553       000000000000000000000000000000000000
04098359190505202600000000120000015280001                                 00000000000000  000000000000000000000000000000000000000000000000000001528000                              7896210503553       000000000000000000000000000000000000
04137718720505202600000000120000046280001                                 00000000000000  000000000000000000000000000000000000000000000000000004628000                              17770213            000000000000000000000000000000000000
04124617730505202600000000120000015280001                                 00000000000000  000000000000000000000000000000000000000000000000000001528000                              7896210503553       000000000000000000000000000000000000
04084863620505202600000000120000095550001                                 00000000000000  000000000000000000000000000000000000000000000000000009555000                              17896803071367      000000000000000000000000000000000000
04075813210505202600000000120000143750001                                 00000000000000  000000000000000000000000000000000000000000000000000014375000                              7898242032018       000000000000000000000000000000000000
04162103910505202600000000120000143750001                                 00000000000000  000000000000000000000000000000000000000000000000000014375000                              7898242032018       000000000000000000000000000000000000
04084950410505202600000000120000015280001                                 00000000000000  000000000000000000000000000000000000000000000000000001528000                              7896210503553       000000000000000000000000000000000000
04151770360505202600000000120000143750001                                 00000000000000  000000000000000000000000000000000000000000000000000014375000                              7898242032018       000000000000000000000000000000000000
04100727820505202600000000120000143750001                                 00000000000000  000000000000000000000000000000000000000000000000000014375000                              7898242032018       000000000000000000000000000000000000
04164089360505202600000000120000143750001                                 00000000000000  000000000000000000000000000000000000000000000000000014375000                              7898242032018       000000000000000000000000000000000000
04098512950505202600000000120000095550001                                 00000000000000  000000000000000000000000000000000000000000000000000009555000                              17896803071367      000000000000000000000000000000000000
04042729290505202600000000120000010850001                                 00000000000000  000000000000000000000000000000000000000000000000000001085000                              17312580            000000000000000000000000000000000000
04124617670505202600000000120000083780001                                 00000000000000  000000000000000000000000000000000000000000000000000008378000                              7898905926432       000000000000000000000000000000000000
04087990180505202600000000120000143750001                                 00000000000000  000000000000000000000000000000000000000000000000000014375000                              7898242032018       000000000000000000000000000000000000
04137718860505202600000000120000014300001                                 00000000000000  000000000000000000000000000000000000000000000000000001430000                              7898374663746       000000000000000000000000000000000000
04137891440505202600000000120000143750001                                 00000000000000  000000000000000000000000000000000000000000000000000014375000                              7898242032018       000000000000000000000000000000000000
04126045100505202600000000120000095550001                                 00000000000000  000000000000000000000000000000000000000000000000000009555000                              17896803071367      000000000000000000000000000000000000
04073653320505202600000000120000143750001                                 00000000000000  000000000000000000000000000000000000000000000000000014375000                              7898242032018       000000000000000000000000000000000000
04134351920505202600000000120000143750001                                 00000000000000  000000000000000000000000000000000000000000000000000014375000                              7898242032018       000000000000000000000000000000000000
04113069790505202600000000120000015280001                                 00000000000000  000000000000000000000000000000000000000000000000000001528000                              7896210503553       000000000000000000000000000000000000
04084863610505202600000000120000095550001                                 00000000000000  000000000000000000000000000000000000000000000000000009555000                              17896803071367      000000000000000000000000000000000000
04114127340505202600000000120000095550001                                 00000000000000  000000000000000000000000000000000000000000000000000009555000                              17896803071367      000000000000000000000000000000000000
04084950400505202600000000120000015280001                                 00000000000000  000000000000000000000000000000000000000000000000000001528000                              7896210503553       000000000000000000000000000000000000
04108099230505202600000000120000143750001                                 00000000000000  000000000000000000000000000000000000000000000000000014375000                              7898242032018       000000000000000000000000000000000000
04165367320505202600000000120000010140001                                 00000000000000  000000000000000000000000000000000000000000000000000001014000                              17814794            000000000000000000000000000000000000
04151770350505202600000000120000143750001                                 00000000000000  000000000000000000000000000000000000000000000000000014375000                              7898242032018       000000000000000000000000000000000000
04161119230505202600000000120000015280001                                 00000000000000  000000000000000000000000000000000000000000000000000001528000                              7896210503553       000000000000000000000000000000000000
04165536880505202600000000120000143750001                                 00000000000000  000000000000000000000000000000000000000000000000000014375000                              7898242032018       000000000000000000000000000000000000
04164089350505202600000000120000143750001                                 00000000000000  000000000000000000000000000000000000000000000000000014375000                              7898242032018       000000000000000000000000000000000000
04134278950505202600000000120000015280001                                 00000000000000  000000000000000000000000000000000000000000000000000001528000                              7898144560442       000000000000000000000000000000000000
04164249510505202600000000130000143260001                                 00000000000000  000000000000000000000000000000000000000000000000000014326000                              5420036914952       000000000000000000000000000000000000
04069194720505202600000000130000016770001                                 00000000000000  000000000000000000000000000000000000000000000000000001677000                              7898586870406       000000000000000000000000000000000000
04164089240505202600000000130000205800001                                 00000000000000  000000000000000000000000000000000000000000000000000020580000                              7898242031806       000000000000000000000000000000000000
04134278900505202600000000130000175510001                                 00000000000000  000000000000000000000000000000000000000000000000000017551000                              7897348203636       000000000000000000000000000000000000
04069055650505202600000000130000154810001                                 00000000000000  000000000000000000000000000000000000000000000000000015481000                              7898242032179       000000000000000000000000000000000000
04164089190505202600000000130000257800001                                 00000000000000  000000000000000000000000000000000000000000000000000025780000                              7898242034289       000000000000000000000000000000000000
04161119250505202600000000130000143260001                                 00000000000000  000000000000000000000000000000000000000000000000000014326000                              5420036914952       000000000000000000000000000000000000
04092728090505202600000000130000016770001                                 00000000000000  000000000000000000000000000000000000000000000000000001677000                              7898586870406       000000000000000000000000000000000000
04076166910505202600000000130000257800001                                 00000000000000  000000000000000000000000000000000000000000000000000025780000                              7898242034289       000000000000000000000000000000000000
04071346120505202600000000130000016770001                                 00000000000000  000000000000000000000000000000000000000000000000000001677000                              7898586870406       000000000000000000000000000000000000
04098472050505202600000000130000257800001                                 00000000000000  000000000000000000000000000000000000000000000000000025780000                              7898242034289       000000000000000000000000000000000000
04165367310505202600000000130000016770001                                 00000000000000  000000000000000000000000000000000000000000000000000001677000                              7898586870406       000000000000000000000000000000000000
04092732740505202600000000130000175510001                                 00000000000000  000000000000000000000000000000000000000000000000000017551000                              7897348203636       000000000000000000000000000000000000
04151770340505202600000000130000151860001                                 00000000000000  000000000000000000000000000000000000000000000000000015186000                              7898242032063       000000000000000000000000000000000000
04153668260505202600000000130000143260001                                 00000000000000  000000000000000000000000000000000000000000000000000014326000                              5420036914952       000000000000000000000000000000000000
04069055520505202600000000130000257800001                                 00000000000000  000000000000000000000000000000000000000000000000000025780000                              7898242034289       000000000000000000000000000000000000
04098514870505202600000000130000143260001                                 00000000000000  000000000000000000000000000000000000000000000000000014326000                              5420036914952       000000000000000000000000000000000000
04164089390505202600000000130000154810001                                 00000000000000  000000000000000000000000000000000000000000000000000015481000                              7898242032179       000000000000000000000000000000000000
04076166930505202600000000130000205800001                                 00000000000000  000000000000000000000000000000000000000000000000000020580000                              7898242031806       000000000000000000000000000000000000
04072299060505202600000000130000175510001                                 00000000000000  000000000000000000000000000000000000000000000000000017551000                              7897348203636       000000000000000000000000000000000000
04097530110505202600000000130000175510001                                 00000000000000  000000000000000000000000000000000000000000000000000017551000                              7897348203636       000000000000000000000000000000000000
04164089230505202600000000130000205800001                                 00000000000000  000000000000000000000000000000000000000000000000000020580000                              7898242031806       000000000000000000000000000000000000
04134278890505202600000000130000175510001                                 00000000000000  000000000000000000000000000000000000000000000000000017551000                              7897348203636       000000000000000000000000000000000000
04013310390505202600000000130000257800001                                 00000000000000  000000000000000000000000000000000000000000000000000025780000                              7898242034289       000000000000000000000000000000000000
04115411960505202600000000130000154810001                                 00000000000000  000000000000000000000000000000000000000000000000000015481000                              7898242032179       000000000000000000000000000000000000
04130459740505202600000000130000143260001                                 00000000000000  000000000000000000000000000000000000000000000000000014326000                              5420036914952       000000000000000000000000000000000000
04128990560505202600000000130000151860001                                 00000000000000  000000000000000000000000000000000000000000000000000015186000                              7898242032063       000000000000000000000000000000000000
04150678660505202600000000130000175510001                                 00000000000000  000000000000000000000000000000000000000000000000000017551000                              7897348203636       000000000000000000000000000000000000
04128990490505202600000000130000205800001                                 00000000000000  000000000000000000000000000000000000000000000000000020580000                              7898242031806       000000000000000000000000000000000000
04137718680505202600000000130000016770001                                 00000000000000  000000000000000000000000000000000000000000000000000001677000                              7898586870406       000000000000000000000000000000000000
04076166900505202600000000130000257800001                                 00000000000000  000000000000000000000000000000000000000000000000000025780000                              7898242034289       000000000000000000000000000000000000
04164249520505202600000000130000143260001                                 00000000000000  000000000000000000000000000000000000000000000000000014326000                              5420036914952       000000000000000000000000000000000000
04069194730505202600000000130000016770001                                 00000000000000  000000000000000000000000000000000000000000000000000001677000                              7898586870406       000000000000000000000000000000000000
04098472040505202600000000130000257800001                                 00000000000000  000000000000000000000000000000000000000000000000000025780000                              7898242034289       000000000000000000000000000000000000
04164089200505202600000000130000257800001                                 00000000000000  000000000000000000000000000000000000000000000000000025780000                              7898242034289       000000000000000000000000000000000000
04151770330505202600000000130000151860001                                 00000000000000  000000000000000000000000000000000000000000000000000015186000                              7898242032063       000000000000000000000000000000000000
04087938330505202600000000130000175510001                                 00000000000000  000000000000000000000000000000000000000000000000000017551000                              7897348203636       000000000000000000000000000000000000
04092728100505202600000000130000016770001                                 00000000000000  000000000000000000000000000000000000000000000000000001677000                              7898586870406       000000000000000000000000000000000000
04166655300505202600000000130000016770001                                 00000000000000  000000000000000000000000000000000000000000000000000001677000                              7898586870406       000000000000000000000000000000000000
04098472170505202600000000130000151860001                                 00000000000000  000000000000000000000000000000000000000000000000000015186000                              7898242032063       000000000000000000000000000000000000
04076166920505202600000000130000205800001                                 00000000000000  000000000000000000000000000000000000000000000000000020580000                              7898242031806       000000000000000000000000000000000000
04099608980505202600000000130000016770001                                 00000000000000  000000000000000000000000000000000000000000000000000001677000                              7898586870406       000000000000000000000000000000000000
04092732750505202600000000130000175510001                                 00000000000000  000000000000000000000000000000000000000000000000000017551000                              7897348203636       000000000000000000000000000000000000
04013310380505202600000000130000257800001                                 00000000000000  000000000000000000000000000000000000000000000000000025780000                              7898242034289       000000000000000000000000000000000000
04151770290505202600000000130000205800001                                 00000000000000  000000000000000000000000000000000000000000000000000020580000                              7898242031806       000000000000000000000000000000000000
04137891410505202600000000130000016770001                                 00000000000000  000000000000000000000000000000000000000000000000000001677000                              7898586870406       000000000000000000000000000000000000
04128990550505202600000000130000151860001                                 00000000000000  000000000000000000000000000000000000000000000000000015186000                              7898242032063       000000000000000000000000000000000000
04098514880505202600000000130000143260001                                 00000000000000  000000000000000000000000000000000000000000000000000014326000                              5420036914952       000000000000000000000000000000000000
04072300610505202600000000130000175510001                                 00000000000000  000000000000000000000000000000000000000000000000000017551000                              7897348203636       000000000000000000000000000000000000
04080012000505202600000000130000175510001                                 00000000000000  000000000000000000000000000000000000000000000000000017551000                              7897348203636       000000000000000000000000000000000000
04164089400505202600000000130000154810001                                 00000000000000  000000000000000000000000000000000000000000000000000015481000                              7898242032179       000000000000000000000000000000000000
04128990480505202600000000130000205800001                                 00000000000000  000000000000000000000000000000000000000000000000000020580000                              7898242031806       000000000000000000000000000000000000
04115439060505202600000000130000205800001                                 00000000000000  000000000000000000000000000000000000000000000000000020580000                              7898242031806       000000000000000000000000000000000000
04072299070505202600000000130000175510001                                 00000000000000  000000000000000000000000000000000000000000000000000017551000                              7897348203636       000000000000000000000000000000000000
04137718670505202600000000130000016770001                                 00000000000000  000000000000000000000000000000000000000000000000000001677000                              7898586870406       000000000000000000000000000000000000
04155700910505202600000000140000032900001                                 00000000000000  000000000000000000000000000000000000000000000000000003290000                              7898250780727       000000000000000000000000000000000000
04069194840505202600000000140000009730001                                 00000000000000  000000000000000000000000000000000000000000000000000000973000                              7898906902367       000000000000000000000000000000000000
04077830280505202600000000140000047730001                                 00000000000000  000000000000000000000000000000000000000000000000000004773000                              7898250780031       000000000000000000000000000000000000
04080426260505202600000000140000022230001                                 00000000000000  000000000000000000000000000000000000000000000000000002223000                              7898079240419       000000000000000000000000000000000000
04155705250505202600000000140000047730001                                 00000000000000  000000000000000000000000000000000000000000000000000004773000                              7898250780031       000000000000000000000000000000000000
04088006790505202600000000140000047730001                                 00000000000000  000000000000000000000000000000000000000000000000000004773000                              7898250780031       000000000000000000000000000000000000
04080414910505202600000000140000022230001                                 00000000000000  000000000000000000000000000000000000000000000000000002223000                              7898079240419       000000000000000000000000000000000000
04077845530505202600000000140000032900001                                 00000000000000  000000000000000000000000000000000000000000000000000003290000                              7898250780727       000000000000000000000000000000000000
04118875430505202600000000140000022230001                                 00000000000000  000000000000000000000000000000000000000000000000000002223000                              7898079240419       000000000000000000000000000000000000
04129053200505202600000000140000047730001                                 00000000000000  000000000000000000000000000000000000000000000000000004773000                              7898250780031       000000000000000000000000000000000000
04134328050505202600000000140000047730001                                 00000000000000  000000000000000000000000000000000000000000000000000004773000                              7898250780031       000000000000000000000000000000000000
04150537080505202600000000140000009490001                                 00000000000000  000000000000000000000000000000000000000000000000000000949000                              17499865            000000000000000000000000000000000000
04077832490505202600000000140000047730001                                 00000000000000  000000000000000000000000000000000000000000000000000004773000                              7898250780031       000000000000000000000000000000000000
04164634650505202600000000140000032900001                                 00000000000000  000000000000000000000000000000000000000000000000000003290000                              7898250780727       000000000000000000000000000000000000
04118875110505202600000000140000009730001                                 00000000000000  000000000000000000000000000000000000000000000000000000973000                              7898906902367       000000000000000000000000000000000000
04095686960505202600000000140000032900001                                 00000000000000  000000000000000000000000000000000000000000000000000003290000                              7898250780727       000000000000000000000000000000000000
04091763560505202600000000140000047730001                                 00000000000000  000000000000000000000000000000000000000000000000000004773000                              7898250780031       000000000000000000000000000000000000
04150768630505202600000000140000047730001                                 00000000000000  000000000000000000000000000000000000000000000000000004773000                              7898250780031       000000000000000000000000000000000000
04090616430505202600000000140000047730001                                 00000000000000  000000000000000000000000000000000000000000000000000004773000                              7898250780031       000000000000000000000000000000000000
04113069770505202600000000140000047730001                                 00000000000000  000000000000000000000000000000000000000000000000000004773000                              7898250780031       000000000000000000000000000000000000
04163484010505202600000000140000032900001                                 00000000000000  000000000000000000000000000000000000000000000000000003290000                              7898250780727       000000000000000000000000000000000000
04107109430505202600000000140000032900001                                 00000000000000  000000000000000000000000000000000000000000000000000003290000                              7898250780727       000000000000000000000000000000000000
04108080680505202600000000140000047730001                                 00000000000000  000000000000000000000000000000000000000000000000000004773000                              7898250780031       000000000000000000000000000000000000
04084859600505202600000000140000009490001                                 00000000000000  000000000000000000000000000000000000000000000000000000949000                              17499865            000000000000000000000000000000000000
04077854250505202600000000140000032900001                                 00000000000000  000000000000000000000000000000000000000000000000000003290000                              7898250780727       000000000000000000000000000000000000
04080414900505202600000000140000022230001                                 00000000000000  000000000000000000000000000000000000000000000000000002223000                              7898079240419       000000000000000000000000000000000000
04077844130505202600000000140000032900001                                 00000000000000  000000000000000000000000000000000000000000000000000003290000                              7898250780727       000000000000000000000000000000000000
04143001040505202600000000140000047730001                                 00000000000000  000000000000000000000000000000000000000000000000000004773000                              7898250780031       000000000000000000000000000000000000
04128135050505202600000000140000032900001                                 00000000000000  000000000000000000000000000000000000000000000000000003290000                              7898250780727       000000000000000000000000000000000000
04073553960505202600000000140000022230001                                 00000000000000  000000000000000000000000000000000000000000000000000002223000                              7898079240419       000000000000000000000000000000000000
04077831640505202600000000140000047730001                                 00000000000000  000000000000000000000000000000000000000000000000000004773000                              7898250780031       000000000000000000000000000000000000
04118875080505202600000000140000009730001                                 00000000000000  000000000000000000000000000000000000000000000000000000973000                              7898906902367       000000000000000000000000000000000000
04087069350505202600000000140000032900001                                 00000000000000  000000000000000000000000000000000000000000000000000003290000                              7898250780727       000000000000000000000000000000000000
04077845970505202600000000140000032900001                                 00000000000000  000000000000000000000000000000000000000000000000000003290000                              7898250780727       000000000000000000000000000000000000
04137718780505202600000000140000009730001                                 00000000000000  000000000000000000000000000000000000000000000000000000973000                              7898906902367       000000000000000000000000000000000000
04150675160505202600000000140000032900001                                 00000000000000  000000000000000000000000000000000000000000000000000003290000                              7898250780727       000000000000000000000000000000000000
04129053210505202600000000140000047730001                                 00000000000000  000000000000000000000000000000000000000000000000000004773000                              7898250780031       000000000000000000000000000000000000
04090616420505202600000000140000032900001                                 00000000000000  000000000000000000000000000000000000000000000000000003290000                              7898250780727       000000000000000000000000000000000000
04073554080505202600000000140000022230001                                 00000000000000  000000000000000000000000000000000000000000000000000002223000                              7898079240419       000000000000000000000000000000000000
04134328060505202600000000140000047730001                                 00000000000000  000000000000000000000000000000000000000000000000000004773000                              7898250780031       000000000000000000000000000000000000
04137741820505202600000000140000009490001                                 00000000000000  000000000000000000000000000000000000000000000000000000949000                              17499865            000000000000000000000000000000000000
04114127290505202600000000150000103290001                                 00000000000000  000000000000000000000000000000000000000000000000000010329000                              17896803071725      000000000000000000000000000000000000
04164261940505202600000000150000089000001                                 00000000000000  000000000000000000000000000000000000000000000000000008900000                              17822935            000000000000000000000000000000000000
04084863600505202600000000150000103290001                                 00000000000000  000000000000000000000000000000000000000000000000000010329000                              17896803071725      000000000000000000000000000000000000
04085650880505202600000000150000103290001                                 00000000000000  000000000000000000000000000000000000000000000000000010329000                              17896803071725      000000000000000000000000000000000000
04164086740505202600000000150000073760001                                 00000000000000  000000000000000000000000000000000000000000000000000007376000                              17939205            000000000000000000000000000000000000
04098512980505202600000000150000103290001                                 00000000000000  000000000000000000000000000000000000000000000000000010329000                              17896803071725      000000000000000000000000000000000000
04145440020505202600000000150000009490001                                 00000000000000  000000000000000000000000000000000000000000000000000000949000                              17731856            000000000000000000000000000000000000
04072307340505202600000000150000103290001                                 00000000000000  000000000000000000000000000000000000000000000000000010329000                              17896803071725      000000000000000000000000000000000000
04073674780505202600000000150000103290001                                 00000000000000  000000000000000000000000000000000000000000000000000010329000                              17896803071725      000000000000000000000000000000000000
04072337720505202600000000150000103290001                                 00000000000000  000000000000000000000000000000000000000000000000000010329000                              17896803071725      000000000000000000000000000000000000
04164258290505202600000000150000089000001                                 00000000000000  000000000000000000000000000000000000000000000000000008900000                              17822935            000000000000000000000000000000000000
04162209020505202600000000150000009490001                                 00000000000000  000000000000000000000000000000000000000000000000000000949000                              17731856            000000000000000000000000000000000000
04084863590505202600000000150000103290001                                 00000000000000  000000000000000000000000000000000000000000000000000010329000                              17896803071725      000000000000000000000000000000000000
04114127320505202600000000150000103290001                                 00000000000000  000000000000000000000000000000000000000000000000000010329000                              17896803071725      000000000000000000000000000000000000
04084940630505202600000000150000103290001                                 00000000000000  000000000000000000000000000000000000000000000000000010329000                              17896803071725      000000000000000000000000000000000000
04144232400505202600000000150000089000001                                 00000000000000  000000000000000000000000000000000000000000000000000008900000                              17822935            000000000000000000000000000000000000
04164264020505202600000000150000089000001                                 00000000000000  000000000000000000000000000000000000000000000000000008900000                              17822935            000000000000000000000000000000000000
04098512970505202600000000150000103290001                                 00000000000000  000000000000000000000000000000000000000000000000000010329000                              17896803071725      000000000000000000000000000000000000
04128992400505202600000000150000009490001                                 00000000000000  000000000000000000000000000000000000000000000000000000949000                              17731856            000000000000000000000000000000000000
04081049610505202600000000160000180550001                                 00000000000000  000000000000000000000000000000000000000000000000000018055000                              7898242035217       000000000000000000000000000000000000
04084826600505202600000000160000102420001                                 00000000000000  000000000000000000000000000000000000000000000000000010242000                              17898907466001      000000000000000000000000000000000000
04104915020505202600000000160000113260001                                 00000000000000  000000000000000000000000000000000000000000000000000011326000                              17896803017952      000000000000000000000000000000000000
04142836440505202600000000160000102420001                                 00000000000000  000000000000000000000000000000000000000000000000000010242000                              17898907466001      000000000000000000000000000000000000
04100748170505202600000000160000180550001                                 00000000000000  000000000000000000000000000000000000000000000000000018055000                              7898242035217       000000000000000000000000000000000000
04163378710505202600000000160000102420001                                 00000000000000  000000000000000000000000000000000000000000000000000010242000                              17898907466001      000000000000000000000000000000000000
04084863550505202600000000160000113260001                                 00000000000000  000000000000000000000000000000000000000000000000000011326000                              17896803017952      000000000000000000000000000000000000
04084940640505202600000000160000113260001                                 00000000000000  000000000000000000000000000000000000000000000000000011326000                              17896803017952      000000000000000000000000000000000000
04160431590505202600000000160000113260001                                 00000000000000  000000000000000000000000000000000000000000000000000011326000                              17896803017952      000000000000000000000000000000000000
04114127260505202600000000160000113260001                                 00000000000000  000000000000000000000000000000000000000000000000000011326000                              17896803017952      000000000000000000000000000000000000
04098472000505202600000000160000180550001                                 00000000000000  000000000000000000000000000000000000000000000000000018055000                              7898242035217       000000000000000000000000000000000000
04013310320505202600000000160000180550001                                 00000000000000  000000000000000000000000000000000000000000000000000018055000                              7898242035217       000000000000000000000000000000000000
04130583170505202600000000160000102420001                                 00000000000000  000000000000000000000000000000000000000000000000000010242000                              17898907466001      000000000000000000000000000000000000
04098512930505202600000000160000113260001                                 00000000000000  000000000000000000000000000000000000000000000000000011326000                              17896803017952      000000000000000000000000000000000000
04129009360505202600000000160000113260001                                 00000000000000  000000000000000000000000000000000000000000000000000011326000                              17896803017952      000000000000000000000000000000000000
04066790340505202600000000160000102420001                                 00000000000000  000000000000000000000000000000000000000000000000000010242000                              17898907466001      000000000000000000000000000000000000
04084900410505202600000000160000113260001                                 00000000000000  000000000000000000000000000000000000000000000000000011326000                              17896803017952      000000000000000000000000000000000000
04147423020505202600000000160000113260001                                 00000000000000  000000000000000000000000000000000000000000000000000011326000                              17896803017952      000000000000000000000000000000000000
04114138930505202600000000160000180550001                                 00000000000000  000000000000000000000000000000000000000000000000000018055000                              7898242035217       000000000000000000000000000000000000
04084826610505202600000000160000102420001                                 00000000000000  000000000000000000000000000000000000000000000000000010242000                              17898907466001      000000000000000000000000000000000000
04142836450505202600000000160000102420001                                 00000000000000  000000000000000000000000000000000000000000000000000010242000                              17898907466001      000000000000000000000000000000000000
04114127250505202600000000160000113260001                                 00000000000000  000000000000000000000000000000000000000000000000000011326000                              17896803017952      000000000000000000000000000000000000
04163378720505202600000000160000102420001                                 00000000000000  000000000000000000000000000000000000000000000000000010242000                              17898907466001      000000000000000000000000000000000000
04130583160505202600000000160000102420001                                 00000000000000  000000000000000000000000000000000000000000000000000010242000                              17898907466001      000000000000000000000000000000000000
04071373080505202600000000160000180550001                                 00000000000000  000000000000000000000000000000000000000000000000000018055000                              7898242035217       000000000000000000000000000000000000
04128990410505202600000000160000180550001                                 00000000000000  000000000000000000000000000000000000000000000000000018055000                              7898242035217       000000000000000000000000000000000000
04084863560505202600000000160000113260001                                 00000000000000  000000000000000000000000000000000000000000000000000011326000                              17896803017952      000000000000000000000000000000000000
04072311550505202600000000160000113260001                                 00000000000000  000000000000000000000000000000000000000000000000000011326000                              17896803017952      000000000000000000000000000000000000
04098472010505202600000000160000180550001                                 00000000000000  000000000000000000000000000000000000000000000000000018055000                              7898242035217       000000000000000000000000000000000000
04013310330505202600000000160000180550001                                 00000000000000  000000000000000000000000000000000000000000000000000018055000                              7898242035217       000000000000000000000000000000000000
04072307330505202600000000160000113260001                                 00000000000000  000000000000000000000000000000000000000000000000000011326000                              17896803017952      000000000000000000000000000000000000
04128145360505202600000000160000180550001                                 00000000000000  000000000000000000000000000000000000000000000000000018055000                              7898242035217       000000000000000000000000000000000000
04129024740505202600000000160000180550001                                 00000000000000  000000000000000000000000000000000000000000000000000018055000                              7898242035217       000000000000000000000000000000000000
04093645040505202600000000160000113260001                                 00000000000000  000000000000000000000000000000000000000000000000000011326000                              17896803017952      000000000000000000000000000000000000
04114138920505202600000000160000180550001                                 00000000000000  000000000000000000000000000000000000000000000000000018055000                              7898242035217       000000000000000000000000000000000000
04114185920505202600000000160000113260001                                 00000000000000  000000000000000000000000000000000000000000000000000011326000                              17896803017952      000000000000000000000000000000000000
04098512940505202600000000160000113260001                                 00000000000000  000000000000000000000000000000000000000000000000000011326000                              17896803017952      000000000000000000000000000000000000
04130619750505202600000000170000019900001                                 00000000000000  000000000000000000000000000000000000000000000000000001990000                              7898019860585       000000000000000000000000000000000000
04161139000505202600000000170000019900001                                 00000000000000  000000000000000000000000000000000000000000000000000001990000                              7898019860585       000000000000000000000000000000000000
04114139020505202600000000170000119060001                                 00000000000000  000000000000000000000000000000000000000000000000000011906000                              7898242031950       000000000000000000000000000000000000
04098472110505202600000000170000119060001                                 00000000000000  000000000000000000000000000000000000000000000000000011906000                              7898242031950       000000000000000000000000000000000000
04164089270505202600000000170000119060001                                 00000000000000  000000000000000000000000000000000000000000000000000011906000                              7898242031950       000000000000000000000000000000000000
04130620460505202600000000170000019900001                                 00000000000000  000000000000000000000000000000000000000000000000000001990000                              7898019860585       000000000000000000000000000000000000
04073549060505202600000000170000019900001                                 00000000000000  000000000000000000000000000000000000000000000000000001990000                              7898019860585       000000000000000000000000000000000000
04130621410505202600000000170000019900001                                 00000000000000  000000000000000000000000000000000000000000000000000001990000                              7898019860585       000000000000000000000000000000000000
04077810760505202600000000170000119060001                                 00000000000000  000000000000000000000000000000000000000000000000000011906000                              7898242031950       000000000000000000000000000000000000
04067279940505202600000000170000019900001                                 00000000000000  000000000000000000000000000000000000000000000000000001990000                              7898019860585       000000000000000000000000000000000000
04087938370505202600000000170000019900001                                 00000000000000  000000000000000000000000000000000000000000000000000001990000                              7898019860585       000000000000000000000000000000000000
04151770260505202600000000170000119060001                                 00000000000000  000000000000000000000000000000000000000000000000000011906000                              7898242031950       000000000000000000000000000000000000
04069055490505202600000000170000119060001                                 00000000000000  000000000000000000000000000000000000000000000000000011906000                              7898242031950       000000000000000000000000000000000000
04114139010505202600000000170000119060001                                 00000000000000  000000000000000000000000000000000000000000000000000011906000                              7898242031950       000000000000000000000000000000000000
04071468140505202600000000170000119060001                                 00000000000000  000000000000000000000000000000000000000000000000000011906000                              7898242031950       000000000000000000000000000000000000
04164089260505202600000000170000119060001                                 00000000000000  000000000000000000000000000000000000000000000000000011906000                              7898242031950       000000000000000000000000000000000000
04098472120505202600000000170000119060001                                 00000000000000  000000000000000000000000000000000000000000000000000011906000                              7898242031950       000000000000000000000000000000000000
04141540940505202600000000170000019900001                                 00000000000000  000000000000000000000000000000000000000000000000000001990000                              7898019860585       000000000000000000000000000000000000
04077809700505202600000000170000119060001                                 00000000000000  000000000000000000000000000000000000000000000000000011906000                              7898242031950       000000000000000000000000000000000000
04151770250505202600000000170000119060001                                 00000000000000  000000000000000000000000000000000000000000000000000011906000                              7898242031950       000000000000000000000000000000000000
04069055480505202600000000170000119060001                                 00000000000000  000000000000000000000000000000000000000000000000000011906000                              7898242031950       000000000000000000000000000000000000
04073549900505202600000000170000019900001                                 00000000000000  000000000000000000000000000000000000000000000000000001990000                              7898019860585       000000000000000000000000000000000000
04071273610505202600000000180000156590001                                 00000000000000  000000000000000000000000000000000000000000000000000015659000                              17256971            000000000000000000000000000000000000
04141563170505202600000000180000098730001                                 00000000000000  000000000000000000000000000000000000000000000000000009873000                              17256969            000000000000000000000000000000000000
04130583020505202600000000180000098730001                                 00000000000000  000000000000000000000000000000000000000000000000000009873000                              17256969            000000000000000000000000000000000000
04090583510505202600000000180000098730001                                 00000000000000  000000000000000000000000000000000000000000000000000009873000                              17256969            000000000000000000000000000000000000
04151770320505202600000000180000251300001                                 00000000000000  000000000000000000000000000000000000000000000000000025130000                              7898242031561       000000000000000000000000000000000000
04128135090505202600000000180000098730001                                 00000000000000  000000000000000000000000000000000000000000000000000009873000                              17256969            000000000000000000000000000000000000
04084826670505202600000000180000098730001                                 00000000000000  000000000000000000000000000000000000000000000000000009873000                              17256969            000000000000000000000000000000000000
04114138950505202600000000180000251300001                                 00000000000000  000000000000000000000000000000000000000000000000000025130000                              7898242031561       000000000000000000000000000000000000
04098472160505202600000000180000251300001                                 00000000000000  000000000000000000000000000000000000000000000000000025130000                              7898242031561       000000000000000000000000000000000000
04071273580505202600000000180000098730001                                 00000000000000  000000000000000000000000000000000000000000000000000009873000                              17256969            000000000000000000000000000000000000
04108122120505202600000000180000156590001                                 00000000000000  000000000000000000000000000000000000000000000000000015659000                              17256971            000000000000000000000000000000000000
04079198970505202600000000180000156590001                                 00000000000000  000000000000000000000000000000000000000000000000000015659000                              17256971            000000000000000000000000000000000000
04164089210505202600000000180000251300001                                 00000000000000  000000000000000000000000000000000000000000000000000025130000                              7898242031561       000000000000000000000000000000000000
04115411990505202600000000180000156590001                                 00000000000000  000000000000000000000000000000000000000000000000000015659000                              17256971            000000000000000000000000000000000000
04100755520505202600000000180000098730001                                 00000000000000  000000000000000000000000000000000000000000000000000009873000                              17256969            000000000000000000000000000000000000
04077891140505202600000000180000098730001                                 00000000000000  000000000000000000000000000000000000000000000000000009873000                              17256969            000000000000000000000000000000000000
04013310370505202600000000180000251300001                                 00000000000000  000000000000000000000000000000000000000000000000000025130000                              7898242031561       000000000000000000000000000000000000
04151695150505202600000000180000098730001                                 00000000000000  000000000000000000000000000000000000000000000000000009873000                              17256969            000000000000000000000000000000000000
04163380550505202600000000180000098730001                                 00000000000000  000000000000000000000000000000000000000000000000000009873000                              17256969            000000000000000000000000000000000000
04159027180505202600000000180000098730001                                 00000000000000  000000000000000000000000000000000000000000000000000009873000                              17256969            000000000000000000000000000000000000
04128990470505202600000000180000251300001                                 00000000000000  000000000000000000000000000000000000000000000000000025130000                              7898242031561       000000000000000000000000000000000000
04103222610505202600000000180000098730001                                 00000000000000  000000000000000000000000000000000000000000000000000009873000                              17256969            000000000000000000000000000000000000
04130583010505202600000000180000098730001                                 00000000000000  000000000000000000000000000000000000000000000000000009873000                              17256969            000000000000000000000000000000000000
04090583500505202600000000180000098730001                                 00000000000000  000000000000000000000000000000000000000000000000000009873000                              17256969            000000000000000000000000000000000000
04151770310505202600000000180000251300001                                 00000000000000  000000000000000000000000000000000000000000000000000025130000                              7898242031561       000000000000000000000000000000000000
04153668230505202600000000180000098730001                                 00000000000000  000000000000000000000000000000000000000000000000000009873000                              17256969            000000000000000000000000000000000000
04115328430505202600000000180000156590001                                 00000000000000  000000000000000000000000000000000000000000000000000015659000                              17256971            000000000000000000000000000000000000
04084826660505202600000000180000098730001                                 00000000000000  000000000000000000000000000000000000000000000000000009873000                              17256969            000000000000000000000000000000000000
04098472150505202600000000180000251300001                                 00000000000000  000000000000000000000000000000000000000000000000000025130000                              7898242031561       000000000000000000000000000000000000
04071273620505202600000000180000156590001                                 00000000000000  000000000000000000000000000000000000000000000000000015659000                              17256971            000000000000000000000000000000000000
04115411980505202600000000180000098730001                                 00000000000000  000000000000000000000000000000000000000000000000000009873000                              17256969            000000000000000000000000000000000000
04066790410505202600000000180000156590001                                 00000000000000  000000000000000000000000000000000000000000000000000015659000                              17256971            000000000000000000000000000000000000
04077891130505202600000000180000098730001                                 00000000000000  000000000000000000000000000000000000000000000000000009873000                              17256969            000000000000000000000000000000000000
04013310360505202600000000180000251300001                                 00000000000000  000000000000000000000000000000000000000000000000000025130000                              7898242031561       000000000000000000000000000000000000
04091732310505202600000000180000098730001                                 00000000000000  000000000000000000000000000000000000000000000000000009873000                              17256969            000000000000000000000000000000000000
04022803710505202600000000180000098730001                                 00000000000000  000000000000000000000000000000000000000000000000000009873000                              17256969            000000000000000000000000000000000000
04084826680505202600000000180000098730001                                 00000000000000  000000000000000000000000000000000000000000000000000009873000                              17256969            000000000000000000000000000000000000
04114138960505202600000000180000251300001                                 00000000000000  000000000000000000000000000000000000000000000000000025130000                              7898242031561       000000000000000000000000000000000000
04128990460505202600000000180000251300001                                 00000000000000  000000000000000000000000000000000000000000000000000025130000                              7898242031561       000000000000000000000000000000000000
04080305000505202600000000180000156590001                                 00000000000000  000000000000000000000000000000000000000000000000000015659000                              17256971            000000000000000000000000000000000000
04071273590505202600000000180000098730001                                 00000000000000  000000000000000000000000000000000000000000000000000009873000                              17256969            000000000000000000000000000000000000
04108122130505202600000000180000156590001                                 00000000000000  000000000000000000000000000000000000000000000000000015659000                              17256971            000000000000000000000000000000000000
04130583000505202600000000180000156590001                                 00000000000000  000000000000000000000000000000000000000000000000000015659000                              17256971            000000000000000000000000000000000000
04164089220505202600000000180000251300001                                 00000000000000  000000000000000000000000000000000000000000000000000025130000                              7898242031561       000000000000000000000000000000000000
04077891150505202600000000180000156590001                                 00000000000000  000000000000000000000000000000000000000000000000000015659000                              17256971            000000000000000000000000000000000000
04163380560505202600000000180000098730001                                 00000000000000  000000000000000000000000000000000000000000000000000009873000                              17256969            000000000000000000000000000000000000
04022803730505202600000000180000156590001                                 00000000000000  000000000000000000000000000000000000000000000000000015659000                              17256971            000000000000000000000000000000000000
04103222620505202600000000180000098730001                                 00000000000000  000000000000000000000000000000000000000000000000000009873000                              17256969            000000000000000000000000000000000000
04084826650505202600000000180000098730001                                 00000000000000  000000000000000000000000000000000000000000000000000009873000                              17256969            000000000000000000000000000000000000
04159009470505202600000000180000098730001                                 00000000000000  000000000000000000000000000000000000000000000000000009873000                              17256969            000000000000000000000000000000000000
04103945990505202600000000190000034900001                                 00000000000000  000000000000000000000000000000000000000000000000000003490000                              7898019861773       000000000000000000000000000000000000
04084863580505202600000000190000107250001                                 00000000000000  000000000000000000000000000000000000000000000000000010725000                              17896803071695      000000000000000000000000000000000000
04076163890505202600000000190000034900001                                 00000000000000  000000000000000000000000000000000000000000000000000003490000                              7898019861773       000000000000000000000000000000000000
04130456660505202600000000190000034900001                                 00000000000000  000000000000000000000000000000000000000000000000000003490000                              7898019861773       000000000000000000000000000000000000
04130595570505202600000000190000034900001                                 00000000000000  000000000000000000000000000000000000000000000000000003490000                              7898019861773       000000000000000000000000000000000000
04130589680505202600000000190000034900001                                 00000000000000  000000000000000000000000000000000000000000000000000003490000                              7898019861773       000000000000000000000000000000000000
04134340500505202600000000190000034900001                                 00000000000000  000000000000000000000000000000000000000000000000000003490000                              7898019861773       000000000000000000000000000000000000
04042729350505202600000000190000034900001                                 00000000000000  000000000000000000000000000000000000000000000000000003490000                              7898019861773       000000000000000000000000000000000000
04141526110505202600000000190000034900001                                 00000000000000  000000000000000000000000000000000000000000000000000003490000                              7898019861773       000000000000000000000000000000000000
04042739470505202600000000190000034900001                                 00000000000000  000000000000000000000000000000000000000000000000000003490000                              7898019861773       000000000000000000000000000000000000
04167761290505202600000000190000034900001                                 00000000000000  000000000000000000000000000000000000000000000000000003490000                              7898019861773       000000000000000000000000000000000000
04072307320505202600000000190000107250001                                 00000000000000  000000000000000000000000000000000000000000000000000010725000                              17896803071695      000000000000000000000000000000000000
04090516140505202600000000190000034900001                                 00000000000000  000000000000000000000000000000000000000000000000000003490000                              7898019861773       000000000000000000000000000000000000
04066687170505202600000000190000034900001                                 00000000000000  000000000000000000000000000000000000000000000000000003490000                              7898019861773       000000000000000000000000000000000000
04084863570505202600000000190000107250001                                 00000000000000  000000000000000000000000000000000000000000000000000010725000                              17896803071695      000000000000000000000000000000000000
04114127280505202600000000190000107250001                                 00000000000000  000000000000000000000000000000000000000000000000000010725000                              17896803071695      000000000000000000000000000000000000
04069194660505202600000000190000019210001                                 00000000000000  000000000000000000000000000000000000000000000000000001921000                              7896006200888       000000000000000000000000000000000000
04042771440505202600000000190000034900001                                 00000000000000  000000000000000000000000000000000000000000000000000003490000                              7898019861773       000000000000000000000000000000000000
04161119190505202600000000190000034900001                                 00000000000000  000000000000000000000000000000000000000000000000000003490000                              7898019861773       000000000000000000000000000000000000
04098513000505202600000000190000107250001                                 00000000000000  000000000000000000000000000000000000000000000000000010725000                              17896803071695      000000000000000000000000000000000000
04103946000505202600000000190000034900001                                 00000000000000  000000000000000000000000000000000000000000000000000003490000                              7898019861773       000000000000000000000000000000000000
04069221790505202600000000190000019210001                                 00000000000000  000000000000000000000000000000000000000000000000000001921000                              7896006200888       000000000000000000000000000000000000
04130597080505202600000000190000034900001                                 00000000000000  000000000000000000000000000000000000000000000000000003490000                              7898019861773       000000000000000000000000000000000000
04076214400505202600000000190000034900001                                 00000000000000  000000000000000000000000000000000000000000000000000003490000                              7898019861773       000000000000000000000000000000000000
04130589690505202600000000190000034900001                                 00000000000000  000000000000000000000000000000000000000000000000000003490000                              7898019861773       000000000000000000000000000000000000
04042729360505202600000000190000034900001                                 00000000000000  000000000000000000000000000000000000000000000000000003490000                              7898019861773       000000000000000000000000000000000000
04124617640505202600000000190000019210001                                 00000000000000  000000000000000000000000000000000000000000000000000001921000                              7896006200888       000000000000000000000000000000000000
04114127270505202600000000190000107250001                                 00000000000000  000000000000000000000000000000000000000000000000000010725000                              17896803071695      000000000000000000000000000000000000
04069194650505202600000000190000019210001                                 00000000000000  000000000000000000000000000000000000000000000000000001921000                              7896006200888       000000000000000000000000000000000000
04098512990505202600000000190000107250001                                 00000000000000  000000000000000000000000000000000000000000000000000010725000                              17896803071695      000000000000000000000000000000000000
04103222520505202600000000200000094520001                                 00000000000000  000000000000000000000000000000000000000000000000000009452000                              17256965            000000000000000000000000000000000000
04161185350505202600000000200000004500001                                 00000000000000  000000000000000000000000000000000000000000000000000000450000                              17103200            000000000000000000000000000000000000
04090583560505202600000000200000092110001                                 00000000000000  000000000000000000000000000000000000000000000000000009211000                              17898907467008      000000000000000000000000000000000000
04098472030505202600000000200000216600001                                 00000000000000  000000000000000000000000000000000000000000000000000021660000                              7898242031974       000000000000000000000000000000000000
04149806130505202600000000200000092110001                                 00000000000000  000000000000000000000000000000000000000000000000000009211000                              17898907467008      000000000000000000000000000000000000
04076155240505202600000000200000079900001                                 00000000000000  000000000000000000000000000000000000000000000000000007990000                              7898242031424       000000000000000000000000000000000000
04013310350505202600000000200000079900001                                 00000000000000  000000000000000000000000000000000000000000000000000007990000                              7898242031424       000000000000000000000000000000000000
04073686460505202600000000200000011500001                                 00000000000000  000000000000000000000000000000000000000000000000000001150000                              17446000            000000000000000000000000000000000000
04022818250505202600000000200000092110001                                 00000000000000  000000000000000000000000000000000000000000000000000009211000                              17898907467008      000000000000000000000000000000000000
04042729450505202600000000200000012380001                                 00000000000000  000000000000000000000000000000000000000000000000000001238000                              7899674041807       000000000000000000000000000000000000
04066790350505202600000000200000092110001                                 00000000000000  000000000000000000000000000000000000000000000000000009211000                              17898907467008      000000000000000000000000000000000000
04022803690505202600000000200000092110001                                 00000000000000  000000000000000000000000000000000000000000000000000009211000                              17898907467008      000000000000000000000000000000000000
04100727830505202600000000200000079900001                                 00000000000000  000000000000000000000000000000000000000000000000000007990000                              7898242031424       000000000000000000000000000000000000
04076213530505202600000000200000079900001                                 00000000000000  000000000000000000000000000000000000000000000000000007990000                              7898242031424       000000000000000000000000000000000000
04090534320505202600000000200000079900001                                 00000000000000  000000000000000000000000000000000000000000000000000007990000                              7898242031424       000000000000000000000000000000000000
04128990500505202600000000200000079900001                                 00000000000000  000000000000000000000000000000000000000000000000000007990000                              7898242031424       000000000000000000000000000000000000
04066721700505202600000000200000092110001                                 00000000000000  000000000000000000000000000000000000000000000000000009211000                              17898907467008      000000000000000000000000000000000000
04069055450505202600000000200000216600001                                 00000000000000  000000000000000000000000000000000000000000000000000021660000                              7898242031974       000000000000000000000000000000000000
04090592920505202600000000200000094520001                                 00000000000000  000000000000000000000000000000000000000000000000000009452000                              17256965            000000000000000000000000000000000000
04065857030505202600000000200000079900001                                 00000000000000  000000000000000000000000000000000000000000000000000007990000                              7898242031424       000000000000000000000000000000000000
04130669630505202600000000200000079900001                                 00000000000000  000000000000000000000000000000000000000000000000000007990000                              7898242031424       000000000000000000000000000000000000
04085673140505202600000000200000079900001                                 00000000000000  000000000000000000000000000000000000000000000000000007990000                              7898242031424       000000000000000000000000000000000000
04092711090505202600000000200000094520001                                 00000000000000  000000000000000000000000000000000000000000000000000009452000                              17256965            000000000000000000000000000000000000
04080301600505202600000000200000094520001                                 00000000000000  000000000000000000000000000000000000000000000000000009452000                              17256965            000000000000000000000000000000000000
04164451890505202600000000200000092110001                                 00000000000000  000000000000000000000000000000000000000000000000000009211000                              17898907467008      000000000000000000000000000000000000
04072310140505202600000000200000092110001                                 00000000000000  000000000000000000000000000000000000000000000000000009211000                              17898907467008      000000000000000000000000000000000000
04143064420505202600000000200000009900001                                 00000000000000  000000000000000000000000000000000000000000000000000000990000                              17103861            000000000000000000000000000000000000
04072433900505202600000000200000079900001                                 00000000000000  000000000000000000000000000000000000000000000000000007990000                              7898242031424       000000000000000000000000000000000000
04149806050505202600000000200000094520001                                 00000000000000  000000000000000000000000000000000000000000000000000009452000                              17256965            000000000000000000000000000000000000
04080783100505202600000000200000011500001                                 00000000000000  000000000000000000000000000000000000000000000000000001150000                              17446000            000000000000000000000000000000000000
04091725830505202600000000200000011500001                                 00000000000000  000000000000000000000000000000000000000000000000000001150000                              17446000            000000000000000000000000000000000000
04022803660505202600000000200000094520001                                 00000000000000  000000000000000000000000000000000000000000000000000009452000                              17256965            000000000000000000000000000000000000
04134367400505202600000000200000216600001                                 00000000000000  000000000000000000000000000000000000000000000000000021660000                              7898242031974       000000000000000000000000000000000000
04118829910505202600000000200000092110001                                 00000000000000  000000000000000000000000000000000000000000000000000009211000                              17898907467008      000000000000000000000000000000000000
04069055470505202600000000200000079900001                                 00000000000000  000000000000000000000000000000000000000000000000000007990000                              7898242031424       000000000000000000000000000000000000
04121726880505202600000000200000092110001                                 00000000000000  000000000000000000000000000000000000000000000000000009211000                              17898907467008      000000000000000000000000000000000000
04127906780505202600000000200000216600001                                 00000000000000  000000000000000000000000000000000000000000000000000021660000                              7898242031974       000000000000000000000000000000000000
04128990420505202600000000200000216600001                                 00000000000000  000000000000000000000000000000000000000000000000000021660000                              7898242031974       000000000000000000000000000000000000
04103222510505202600000000200000094520001                                 00000000000000  000000000000000000000000000000000000000000000000000009452000                              17256965            000000000000000000000000000000000000
04161185050505202600000000200000004500001                                 00000000000000  000000000000000000000000000000000000000000000000000000450000                              17103200            000000000000000000000000000000000000
04143065170505202600000000200000009900001                                 00000000000000  000000000000000000000000000000000000000000000000000000990000                              17103861            000000000000000000000000000000000000
04098472020505202600000000200000216600001                                 00000000000000  000000000000000000000000000000000000000000000000000021660000                              7898242031974       000000000000000000000000000000000000
04164089180505202600000000200000216600001                                 00000000000000  000000000000000000000000000000000000000000000000000021660000                              7898242031974       000000000000000000000000000000000000
04013310340505202600000000200000079900001                                 00000000000000  000000000000000000000000000000000000000000000000000007990000                              7898242031424       000000000000000000000000000000000000
04022811110505202600000000200000094520001                                 00000000000000  000000000000000000000000000000000000000000000000000009452000                              17256965            000000000000000000000000000000000000
04076214430505202600000000200000079900001                                 00000000000000  000000000000000000000000000000000000000000000000000007990000                              7898242031424       000000000000000000000000000000000000
04128151140505202600000000200000011500001                                 00000000000000  000000000000000000000000000000000000000000000000000001150000                              17446000            000000000000000000000000000000000000
04141502410505202600000000200000094520001                                 00000000000000  000000000000000000000000000000000000000000000000000009452000                              17256965            000000000000000000000000000000000000
04076213320505202600000000200000079900001                                 00000000000000  000000000000000000000000000000000000000000000000000007990000                              7898242031424       000000000000000000000000000000000000
04066709510505202600000000200000092110001                                 00000000000000  000000000000000000000000000000000000000000000000000009211000                              17898907467008      000000000000000000000000000000000000
04069049160505202600000000200000094520001                                 00000000000000  000000000000000000000000000000000000000000000000000009452000                              17256965            000000000000000000000000000000000000
04130669110505202600000000200000079900001                                 00000000000000  000000000000000000000000000000000000000000000000000007990000                              7898242031424       000000000000000000000000000000000000
04149806140505202600000000200000092110001                                 00000000000000  000000000000000000000000000000000000000000000000000009211000                              17898907467008      000000000000000000000000000000000000
04090583570505202600000000200000092110001                                 00000000000000  000000000000000000000000000000000000000000000000000009211000                              17898907467008      000000000000000000000000000000000000
04084940580505202600000000200000216600001                                 00000000000000  000000000000000000000000000000000000000000000000000021660000                              7898242031974       000000000000000000000000000000000000
04042729460505202600000000200000012380001                                 00000000000000  000000000000000000000000000000000000000000000000000001238000                              7899674041807       000000000000000000000000000000000000
04100748180505202600000000200000216600001                                 00000000000000  000000000000000000000000000000000000000000000000000021660000                              7898242031974       000000000000000000000000000000000000
04080782630505202600000000200000011500001                                 00000000000000  000000000000000000000000000000000000000000000000000001150000                              17446000            000000000000000000000000000000000000
04104965610505202600000000200000079900001                                 00000000000000  000000000000000000000000000000000000000000000000000007990000                              7898242031424       000000000000000000000000000000000000
04128990510505202600000000200000079900001                                 00000000000000  000000000000000000000000000000000000000000000000000007990000                              7898242031424       000000000000000000000000000000000000
04066735970505202600000000200000094520001                                 00000000000000  000000000000000000000000000000000000000000000000000009452000                              17256965            000000000000000000000000000000000000
04069055460505202600000000200000216600001                                 00000000000000  000000000000000000000000000000000000000000000000000021660000                              7898242031974       000000000000000000000000000000000000
04115439040505202600000000200000216600001                                 00000000000000  000000000000000000000000000000000000000000000000000021660000                              7898242031974       000000000000000000000000000000000000
04066672970505202600000000200000079900001                                 00000000000000  000000000000000000000000000000000000000000000000000007990000                              7898242031424       000000000000000000000000000000000000
04104086650505202600000000200000079900001                                 00000000000000  000000000000000000000000000000000000000000000000000007990000                              7898242031424       000000000000000000000000000000000000
04141527750505202600000000200000094520001                                 00000000000000  000000000000000000000000000000000000000000000000000009452000                              17256965            000000000000000000000000000000000000
04161182410505202600000000200000004500001                                 00000000000000  000000000000000000000000000000000000000000000000000000450000                              17103200            000000000000000000000000000000000000
04143064810505202600000000200000009900001                                 00000000000000  000000000000000000000000000000000000000000000000000000990000                              17103861            000000000000000000000000000000000000
04164089170505202600000000200000216600001                                 00000000000000  000000000000000000000000000000000000000000000000000021660000                              7898242031974       000000000000000000000000000000000000
04091732330505202600000000200000094520001                                 00000000000000  000000000000000000000000000000000000000000000000000009452000                              17256965            000000000000000000000000000000000000
04149806060505202600000000200000094520001                                 00000000000000  000000000000000000000000000000000000000000000000000009452000                              17256965            000000000000000000000000000000000000
04080783270505202600000000200000011500001                                 00000000000000  000000000000000000000000000000000000000000000000000001150000                              17446000            000000000000000000000000000000000000
04071268170505202600000000200000011500001                                 00000000000000  000000000000000000000000000000000000000000000000000001150000                              17446000            000000000000000000000000000000000000
04144254350505202600000000200000216600001                                 00000000000000  000000000000000000000000000000000000000000000000000021660000                              7898242031974       000000000000000000000000000000000000
04076212870505202600000000200000079900001                                 00000000000000  000000000000000000000000000000000000000000000000000007990000                              7898242031424       000000000000000000000000000000000000
04118829920505202600000000200000092110001                                 00000000000000  000000000000000000000000000000000000000000000000000009211000                              17898907467008      000000000000000000000000000000000000
04099703670505202600000000200000079900001                                 00000000000000  000000000000000000000000000000000000000000000000000007990000                              7898242031424       000000000000000000000000000000000000
04066706220505202600000000200000094520001                                 00000000000000  000000000000000000000000000000000000000000000000000009452000                              17256965            000000000000000000000000000000000000
04113069760505202600000000200000094520001                                 00000000000000  000000000000000000000000000000000000000000000000000009452000                              17256965            000000000000000000000000000000000000
04127906790505202600000000200000094520001                                 00000000000000  000000000000000000000000000000000000000000000000000009452000                              17256965            000000000000000000000000000000000000
04128990430505202600000000200000216600001                                 00000000000000  000000000000000000000000000000000000000000000000000021660000                              7898242031974       000000000000000000000000000000000000
04115425330505202600000000220000100420001                                 00000000000000  000000000000000000000000000000000000000000000000000010042000                              17898907467046      000000000000000000000000000000000000
04126184290505202600000000220000016900001                                 00000000000000  000000000000000000000000000000000000000000000000000001690000                              7898121840574       000000000000000000000000000000000000
04151770370505202600000000220000143760001                                 00000000000000  000000000000000000000000000000000000000000000000000014376000                              7898242032117       000000000000000000000000000000000000
04128990570505202600000000220000143760001                                 00000000000000  000000000000000000000000000000000000000000000000000014376000                              7898242032117       000000000000000000000000000000000000
04077791930505202600000000220000143760001                                 00000000000000  000000000000000000000000000000000000000000000000000014376000                              7898242032117       000000000000000000000000000000000000
04115328330505202600000000220000100420001                                 00000000000000  000000000000000000000000000000000000000000000000000010042000                              17898907467046      000000000000000000000000000000000000
04164089370505202600000000220000143760001                                 00000000000000  000000000000000000000000000000000000000000000000000014376000                              7898242032117       000000000000000000000000000000000000
04118875070505202600000000220000016900001                                 00000000000000  000000000000000000000000000000000000000000000000000001690000                              7898121840574       000000000000000000000000000000000000
04141526060505202600000000220000016900001                                 00000000000000  000000000000000000000000000000000000000000000000000001690000                              7898121840574       000000000000000000000000000000000000
04161138970505202600000000220000016900001                                 00000000000000  000000000000000000000000000000000000000000000000000001690000                              7898121840574       000000000000000000000000000000000000
04098472180505202600000000220000143760001                                 00000000000000  000000000000000000000000000000000000000000000000000014376000                              7898242032117       000000000000000000000000000000000000
04118829860505202600000000220000100420001                                 00000000000000  000000000000000000000000000000000000000000000000000010042000                              17898907467046      000000000000000000000000000000000000
04084826640505202600000000220000100420001                                 00000000000000  000000000000000000000000000000000000000000000000000010042000                              17898907467046      000000000000000000000000000000000000
04126163100505202600000000220000016900001                                 00000000000000  000000000000000000000000000000000000000000000000000001690000                              7898121840574       000000000000000000000000000000000000
04163378700505202600000000220000100420001                                 00000000000000  000000000000000000000000000000000000000000000000000010042000                              17898907467046      000000000000000000000000000000000000
04115328320505202600000000220000100420001                                 00000000000000  000000000000000000000000000000000000000000000000000010042000                              17898907467046      000000000000000000000000000000000000
04151770380505202600000000220000143760001                                 00000000000000  000000000000000000000000000000000000000000000000000014376000                              7898242032117       000000000000000000000000000000000000
04118875060505202600000000220000016900001                                 00000000000000  000000000000000000000000000000000000000000000000000001690000                              7898121840574       000000000000000000000000000000000000
04095686980505202600000000220000100420001                                 00000000000000  000000000000000000000000000000000000000000000000000010042000                              17898907467046      000000000000000000000000000000000000
04128990580505202600000000220000143760001                                 00000000000000  000000000000000000000000000000000000000000000000000014376000                              7898242032117       000000000000000000000000000000000000
04164089380505202600000000220000143760001                                 00000000000000  000000000000000000000000000000000000000000000000000014376000                              7898242032117       000000000000000000000000000000000000
04118829850505202600000000220000100420001                                 00000000000000  000000000000000000000000000000000000000000000000000010042000                              17898907467046      000000000000000000000000000000000000
04113058660505202600000000220000143760001                                 00000000000000  000000000000000000000000000000000000000000000000000014376000                              7898242032117       000000000000000000000000000000000000
04069055680505202600000000220000143760001                                 00000000000000  000000000000000000000000000000000000000000000000000014376000                              7898242032117       000000000000000000000000000000000000
04071273540505202600000000220000100420001                                 00000000000000  000000000000000000000000000000000000000000000000000010042000                              17898907467046      000000000000000000000000000000000000
04069055630505202600000000220000143760001                                 00000000000000  000000000000000000000000000000000000000000000000000014376000                              7898242032117       000000000000000000000000000000000000
04163378690505202600000000220000100420001                                 00000000000000  000000000000000000000000000000000000000000000000000010042000                              17898907467046      000000000000000000000000000000000000
04098472190505202600000000220000143760001                                 00000000000000  000000000000000000000000000000000000000000000000000014376000                              7898242032117       000000000000000000000000000000000000
04151820470505202600000000220000143760001                                 00000000000000  000000000000000000000000000000000000000000000000000014376000                              7898242032117       000000000000000000000000000000000000
04075813220505202600000000220000143760001                                 00000000000000  000000000000000000000000000000000000000000000000000014376000                              7898242032117       000000000000000000000000000000000000
04107174670505202600000000240000014020001                                 00000000000000  000000000000000000000000000000000000000000000000000001402000                              7898597993477       000000000000000000000000000000000000
04164051770505202600000000240000011050001                                 00000000000000  000000000000000000000000000000000000000000000000000001105000                              17857907            000000000000000000000000000000000000
04118875170505202600000000240000004140001                                 00000000000000  000000000000000000000000000000000000000000000000000000414000                              7896353821941       000000000000000000000000000000000000
04150510510505202600000000240000012870001                                 00000000000000  000000000000000000000000000000000000000000000000000001287000                              17857281            000000000000000000000000000000000000
04103949700505202600000000240000004140001                                 00000000000000  000000000000000000000000000000000000000000000000000000414000                              7896353821941       000000000000000000000000000000000000
04150610220505202600000000240000011050001                                 00000000000000  000000000000000000000000000000000000000000000000000001105000                              17857907            000000000000000000000000000000000000
04164051780505202600000000240000011050001                                 00000000000000  000000000000000000000000000000000000000000000000000001105000                              17857907            000000000000000000000000000000000000
04118875180505202600000000240000004140001                                 00000000000000  000000000000000000000000000000000000000000000000000000414000                              7896353821941       000000000000000000000000000000000000
04103949690505202600000000240000004140001                                 00000000000000  000000000000000000000000000000000000000000000000000000414000                              7896353821941       000000000000000000000000000000000000
04150596800505202600000000240000011050001                                 00000000000000  000000000000000000000000000000000000000000000000000001105000                              17857907            000000000000000000000000000000000000
04150762820505202600000000260000011050001                                 00000000000000  000000000000000000000000000000000000000000000000000001105000                              17819446            000000000000000000000000000000000000
04144228510505202600000000260000011050001                                 00000000000000  000000000000000000000000000000000000000000000000000001105000                              17819446            000000000000000000000000000000000000
04114125840505202600000000270000069220001                                 00000000000000  000000000000000000000000000000000000000000000000000006922000                              17395322            000000000000000000000000000000000000
04144232390505202600000000270000111980001                                 00000000000000  000000000000000000000000000000000000000000000000000011198000                              17822934            000000000000000000000000000000000000
04066770250505202600000000270000069220001                                 00000000000000  000000000000000000000000000000000000000000000000000006922000                              17395322            000000000000000000000000000000000000
04114125830505202600000000270000069220001                                 00000000000000  000000000000000000000000000000000000000000000000000006922000                              17395322            000000000000000000000000000000000000
04066776410505202600000000270000069220001                                 00000000000000  000000000000000000000000000000000000000000000000000006922000                              17395322            000000000000000000000000000000000000
04129069120505202600000000270000069220001                                 00000000000000  000000000000000000000000000000000000000000000000000006922000                              17395322            000000000000000000000000000000000000
04086927780505202600000000270000069220001                                 00000000000000  000000000000000000000000000000000000000000000000000006922000                              17395322            000000000000000000000000000000000000
04129013890505202600000000270000069220001                                 00000000000000  000000000000000000000000000000000000000000000000000006922000                              17395322            000000000000000000000000000000000000
04099682060505202600000000270000069220001                                 00000000000000  000000000000000000000000000000000000000000000000000006922000                              17395322            000000000000000000000000000000000000
04162209040505202600000000270000069220001                                 00000000000000  000000000000000000000000000000000000000000000000000006922000                              17395322            000000000000000000000000000000000000
04073674770505202600000000270000069220001                                 00000000000000  000000000000000000000000000000000000000000000000000006922000                              17395322            000000000000000000000000000000000000
04066774570505202600000000270000069220001                                 00000000000000  000000000000000000000000000000000000000000000000000006922000                              17395322            000000000000000000000000000000000000
04163424030505202600000000280000109900001                                 00000000000000  000000000000000000000000000000000000000000000000000010990000                              17630205            000000000000000000000000000000000000
04119743410505202600000000280000109900001                                 00000000000000  000000000000000000000000000000000000000000000000000010990000                              17630205            000000000000000000000000000000000000
04108293020505202600000000280000109900001                                 00000000000000  000000000000000000000000000000000000000000000000000010990000                              17630205            000000000000000000000000000000000000
04071346100505202600000000290000007980001                                 00000000000000  000000000000000000000000000000000000000000000000000000798000                              7898019861766       000000000000000000000000000000000000
04068950450505202600000000290000007980001                                 00000000000000  000000000000000000000000000000000000000000000000000000798000                              7898019861766       000000000000000000000000000000000000
04083850330505202600000000290000007980001                                 00000000000000  000000000000000000000000000000000000000000000000000000798000                              7898019861766       000000000000000000000000000000000000
04164254150505202600000000290000063000001                                 00000000000000  000000000000000000000000000000000000000000000000000006300000                              17822936            000000000000000000000000000000000000
04099627520505202600000000290000007980001                                 00000000000000  000000000000000000000000000000000000000000000000000000798000                              7898019861766       000000000000000000000000000000000000
04067303470505202600000000290000007980001                                 00000000000000  000000000000000000000000000000000000000000000000000000798000                              7898019861766       000000000000000000000000000000000000
04144232410505202600000000290000063000001                                 00000000000000  000000000000000000000000000000000000000000000000000006300000                              17822936            000000000000000000000000000000000000
04153668210505202600000000290000007980001                                 00000000000000  000000000000000000000000000000000000000000000000000000798000                              7898019861766       000000000000000000000000000000000000
04103971570505202600000000290000007980001                                 00000000000000  000000000000000000000000000000000000000000000000000000798000                              7898019861766       000000000000000000000000000000000000
04073674760505202600000000290000007980001                                 00000000000000  000000000000000000000000000000000000000000000000000000798000                              7898019861766       000000000000000000000000000000000000
04042729370505202600000000290000007980001                                 00000000000000  000000000000000000000000000000000000000000000000000000798000                              7898019861766       000000000000000000000000000000000000
04113069800505202600000000290000007980001                                 00000000000000  000000000000000000000000000000000000000000000000000000798000                              7898019861766       000000000000000000000000000000000000
04164256340505202600000000290000063000001                                 00000000000000  000000000000000000000000000000000000000000000000000006300000                              17822936            000000000000000000000000000000000000
04067415290505202600000000290000007980001                                 00000000000000  000000000000000000000000000000000000000000000000000000798000                              7898019861766       000000000000000000000000000000000000
04097520170505202600000000290000007980001                                 00000000000000  000000000000000000000000000000000000000000000000000000798000                              7898019861766       000000000000000000000000000000000000
04073466690505202600000000290000007980001                                 00000000000000  000000000000000000000000000000000000000000000000000000798000                              7898019861766       000000000000000000000000000000000000
04068952760505202600000000290000007980001                                 00000000000000  000000000000000000000000000000000000000000000000000000798000                              7898019861766       000000000000000000000000000000000000
04164640340505202600000000290000063000001                                 00000000000000  000000000000000000000000000000000000000000000000000006300000                              17822936            000000000000000000000000000000000000
04075809310505202600000000290000007980001                                 00000000000000  000000000000000000000000000000000000000000000000000000798000                              7898019861766       000000000000000000000000000000000000
04099627510505202600000000290000007980001                                 00000000000000  000000000000000000000000000000000000000000000000000000798000                              7898019861766       000000000000000000000000000000000000
04076163900505202600000000290000007980001                                 00000000000000  000000000000000000000000000000000000000000000000000000798000                              7898019861766       000000000000000000000000000000000000
04067300830505202600000000290000007980001                                 00000000000000  000000000000000000000000000000000000000000000000000000798000                              7898019861766       000000000000000000000000000000000000
04079198960505202600000000290000007980001                                 00000000000000  000000000000000000000000000000000000000000000000000000798000                              7898019861766       000000000000000000000000000000000000
04164256000505202600000000290000063000001                                 00000000000000  000000000000000000000000000000000000000000000000000006300000                              17822936            000000000000000000000000000000000000
04065748380505202600000000290000007980001                                 00000000000000  000000000000000000000000000000000000000000000000000000798000                              7898019861766       000000000000000000000000000000000000
04042750530505202600000000290000007980001                                 00000000000000  000000000000000000000000000000000000000000000000000000798000                              7898019861766       000000000000000000000000000000000000
04087938360505202600000000290000007980001                                 00000000000000  000000000000000000000000000000000000000000000000000000798000                              7898019861766       000000000000000000000000000000000000
04042729380505202600000000290000007980001                                 00000000000000  000000000000000000000000000000000000000000000000000000798000                              7898019861766       000000000000000000000000000000000000
04075824910505202600000000290000007980001                                 00000000000000  000000000000000000000000000000000000000000000000000000798000                              7898019861766       000000000000000000000000000000000000
04164256630505202600000000290000063000001                                 00000000000000  000000000000000000000000000000000000000000000000000006300000                              17822936            000000000000000000000000000000000000
04067287530505202600000000300000098150001                                 00000000000000  000000000000000000000000000000000000000000000000000009815000                              17898907467626      000000000000000000000000000000000000
04113012750505202600000000300000089240001                                 00000000000000  000000000000000000000000000000000000000000000000000008924000                              17898907467633      000000000000000000000000000000000000
04097520180505202600000000300000098150001                                 00000000000000  000000000000000000000000000000000000000000000000000009815000                              17898907467626      000000000000000000000000000000000000
04072310170505202600000000300000089240001                                 00000000000000  000000000000000000000000000000000000000000000000000008924000                              17898907467633      000000000000000000000000000000000000
04090565410505202600000000300000098150001                                 00000000000000  000000000000000000000000000000000000000000000000000009815000                              17898907467626      000000000000000000000000000000000000
04066790300505202600000000300000098150001                                 00000000000000  000000000000000000000000000000000000000000000000000009815000                              17898907467626      000000000000000000000000000000000000
04073566530505202600000000300000089240001                                 00000000000000  000000000000000000000000000000000000000000000000000008924000                              17898907467633      000000000000000000000000000000000000
04100711560505202600000000300000098150001                                 00000000000000  000000000000000000000000000000000000000000000000000009815000                              17898907467626      000000000000000000000000000000000000
04129037020505202600000000300000098150001                                 00000000000000  000000000000000000000000000000000000000000000000000009815000                              17898907467626      000000000000000000000000000000000000
04097536380505202600000000300000098150001                                 00000000000000  000000000000000000000000000000000000000000000000000009815000                              17898907467626      000000000000000000000000000000000000
04121834310505202600000000300000098150001                                 00000000000000  000000000000000000000000000000000000000000000000000009815000                              17898907467626      000000000000000000000000000000000000
04118829840505202600000000300000089240001                                 00000000000000  000000000000000000000000000000000000000000000000000008924000                              17898907467633      000000000000000000000000000000000000
04084826620505202600000000300000089240001                                 00000000000000  000000000000000000000000000000000000000000000000000008924000                              17898907467633      000000000000000000000000000000000000
04149806150505202600000000300000098150001                                 00000000000000  000000000000000000000000000000000000000000000000000009815000                              17898907467626      000000000000000000000000000000000000
04072225240505202600000000300000098150001                                 00000000000000  000000000000000000000000000000000000000000000000000009815000                              17898907467626      000000000000000000000000000000000000
04090583580505202600000000300000089240001                                 00000000000000  000000000000000000000000000000000000000000000000000008924000                              17898907467633      000000000000000000000000000000000000
04071273530505202600000000300000098150001                                 00000000000000  000000000000000000000000000000000000000000000000000009815000                              17898907467626      000000000000000000000000000000000000
04142836410505202600000000300000098150001                                 00000000000000  000000000000000000000000000000000000000000000000000009815000                              17898907467626      000000000000000000000000000000000000
04091732320505202600000000300000098150001                                 00000000000000  000000000000000000000000000000000000000000000000000009815000                              17898907467626      000000000000000000000000000000000000
04115328350505202600000000300000089240001                                 00000000000000  000000000000000000000000000000000000000000000000000008924000                              17898907467633      000000000000000000000000000000000000
04103267890505202600000000300000098150001                                 00000000000000  000000000000000000000000000000000000000000000000000009815000                              17898907467626      000000000000000000000000000000000000
04104946950505202600000000300000098150001                                 00000000000000  000000000000000000000000000000000000000000000000000009815000                              17898907467626      000000000000000000000000000000000000
04069033930505202600000000300000098150001                                 00000000000000  000000000000000000000000000000000000000000000000000009815000                              17898907467626      000000000000000000000000000000000000
04130583090505202600000000300000089240001                                 00000000000000  000000000000000000000000000000000000000000000000000008924000                              17898907467633      000000000000000000000000000000000000
04121657980505202600000000300000098150001                                 00000000000000  000000000000000000000000000000000000000000000000000009815000                              17898907467626      000000000000000000000000000000000000
04071340030505202600000000300000098150001                                 00000000000000  000000000000000000000000000000000000000000000000000009815000                              17898907467626      000000000000000000000000000000000000
04090583550505202600000000300000098150001                                 00000000000000  000000000000000000000000000000000000000000000000000009815000                              17898907467626      000000000000000000000000000000000000
04084940610505202600000000300000098150001                                 00000000000000  000000000000000000000000000000000000000000000000000009815000                              17898907467626      000000000000000000000000000000000000
04165367280505202600000000300000089240001                                 00000000000000  000000000000000000000000000000000000000000000000000008924000                              17898907467633      000000000000000000000000000000000000
04142836430505202600000000300000098150001                                 00000000000000  000000000000000000000000000000000000000000000000000009815000                              17898907467626      000000000000000000000000000000000000
04072310110505202600000000300000098150001                                 00000000000000  000000000000000000000000000000000000000000000000000009815000                              17898907467626      000000000000000000000000000000000000
04098382070505202600000000300000098150001                                 00000000000000  000000000000000000000000000000000000000000000000000009815000                              17898907467626      000000000000000000000000000000000000
04103981670505202600000000300000098150001                                 00000000000000  000000000000000000000000000000000000000000000000000009815000                              17898907467626      000000000000000000000000000000000000
04165362180505202600000000300000089240001                                 00000000000000  000000000000000000000000000000000000000000000000000008924000                              17898907467633      000000000000000000000000000000000000
04134518150505202600000000300000098150001                                 00000000000000  000000000000000000000000000000000000000000000000000009815000                              17898907467626      000000000000000000000000000000000000
04118829880505202600000000300000098150001                                 00000000000000  000000000000000000000000000000000000000000000000000009815000                              17898907467626      000000000000000000000000000000000000
04097536370505202600000000300000098150001                                 00000000000000  000000000000000000000000000000000000000000000000000009815000                              17898907467626      000000000000000000000000000000000000
04118829830505202600000000300000089240001                                 00000000000000  000000000000000000000000000000000000000000000000000008924000                              17898907467633      000000000000000000000000000000000000
04072310180505202600000000300000089240001                                 00000000000000  000000000000000000000000000000000000000000000000000008924000                              17898907467633      000000000000000000000000000000000000
04071273520505202600000000300000098150001                                 00000000000000  000000000000000000000000000000000000000000000000000009815000                              17898907467626      000000000000000000000000000000000000
04143020240505202600000000300000098150001                                 00000000000000  000000000000000000000000000000000000000000000000000009815000                              17898907467626      000000000000000000000000000000000000
04072433890505202600000000300000089240001                                 00000000000000  000000000000000000000000000000000000000000000000000008924000                              17898907467633      000000000000000000000000000000000000
04097548130505202600000000300000098150001                                 00000000000000  000000000000000000000000000000000000000000000000000009815000                              17898907467626      000000000000000000000000000000000000
04115328340505202600000000300000089240001                                 00000000000000  000000000000000000000000000000000000000000000000000008924000                              17898907467633      000000000000000000000000000000000000
04080011980505202600000000300000098150001                                 00000000000000  000000000000000000000000000000000000000000000000000009815000                              17898907467626      000000000000000000000000000000000000
04070271150505202600000000300000098150001                                 00000000000000  000000000000000000000000000000000000000000000000000009815000                              17898907467626      000000000000000000000000000000000000
04084826630505202600000000300000089240001                                 00000000000000  000000000000000000000000000000000000000000000000000008924000                              17898907467633      000000000000000000000000000000000000
04149806160505202600000000300000098150001                                 00000000000000  000000000000000000000000000000000000000000000000000009815000                              17898907467626      000000000000000000000000000000000000
04090583590505202600000000300000089240001                                 00000000000000  000000000000000000000000000000000000000000000000000008924000                              17898907467633      000000000000000000000000000000000000
04163419820505202600000000300000000000001                                 00000000000000  000000000000000000000000000000000000000000000000000000000000                              17936758            000000000000000000000000000000000000
04080301610505202600000000300000098150001                                 00000000000000  000000000000000000000000000000000000000000000000000009815000                              17898907467626      000000000000000000000000000000000000
04067276970505202600000000300000098150001                                 00000000000000  000000000000000000000000000000000000000000000000000009815000                              17898907467626      000000000000000000000000000000000000
04090583540505202600000000300000098150001                                 00000000000000  000000000000000000000000000000000000000000000000000009815000                              17898907467626      000000000000000000000000000000000000
04091768320505202600000000300000098150001                                 00000000000000  000000000000000000000000000000000000000000000000000009815000                              17898907467626      000000000000000000000000000000000000
04107105880505202600000000300000098150001                                 00000000000000  000000000000000000000000000000000000000000000000000009815000                              17898907467626      000000000000000000000000000000000000
04142836420505202600000000300000098150001                                 00000000000000  000000000000000000000000000000000000000000000000000009815000                              17898907467626      000000000000000000000000000000000000
04072310100505202600000000300000098150001                                 00000000000000  000000000000000000000000000000000000000000000000000009815000                              17898907467626      000000000000000000000000000000000000
04066790330505202600000000300000089240001                                 00000000000000  000000000000000000000000000000000000000000000000000008924000                              17898907467633      000000000000000000000000000000000000
04091725840505202600000000300000098150001                                 00000000000000  000000000000000000000000000000000000000000000000000009815000                              17898907467626      000000000000000000000000000000000000
04072414830505202600000000300000098150001                                 00000000000000  000000000000000000000000000000000000000000000000000009815000                              17898907467626      000000000000000000000000000000000000
04022803670505202600000000300000089240001                                 00000000000000  000000000000000000000000000000000000000000000000000008924000                              17898907467633      000000000000000000000000000000000000
04118829870505202600000000300000098150001                                 00000000000000  000000000000000000000000000000000000000000000000000009815000                              17898907467626      000000000000000000000000000000000000
04130583100505202600000000300000089240001                                 00000000000000  000000000000000000000000000000000000000000000000000008924000                              17898907467633      000000000000000000000000000000000000
04124911340505202600000000320000149980001                                 00000000000000  000000000000000000000000000000000000000000000000000014998000                              7898242031448       000000000000000000000000000000000000
04104049950505202600000000320000149980001                                 00000000000000  000000000000000000000000000000000000000000000000000014998000                              7898242031448       000000000000000000000000000000000000
04087990170505202600000000320000149980001                                 00000000000000  000000000000000000000000000000000000000000000000000014998000                              7898242031448       000000000000000000000000000000000000
04077804730505202600000000320000149980001                                 00000000000000  000000000000000000000000000000000000000000000000000014998000                              7898242031448       000000000000000000000000000000000000
04098471980505202600000000320000149980001                                 00000000000000  000000000000000000000000000000000000000000000000000014998000                              7898242031448       000000000000000000000000000000000000
04141521230505202600000000320000149980001                                 00000000000000  000000000000000000000000000000000000000000000000000014998000                              7898242031448       000000000000000000000000000000000000
04013310300505202600000000320000149980001                                 00000000000000  000000000000000000000000000000000000000000000000000014998000                              7898242031448       000000000000000000000000000000000000
04119754520505202600000000320000149980001                                 00000000000000  000000000000000000000000000000000000000000000000000014998000                              7898242031448       000000000000000000000000000000000000
04128990400505202600000000320000149980001                                 00000000000000  000000000000000000000000000000000000000000000000000014998000                              7898242031448       000000000000000000000000000000000000
04104086640505202600000000320000149980001                                 00000000000000  000000000000000000000000000000000000000000000000000014998000                              7898242031448       000000000000000000000000000000000000
04077805550505202600000000320000149980001                                 00000000000000  000000000000000000000000000000000000000000000000000014998000                              7898242031448       000000000000000000000000000000000000
04073461220505202600000000320000149980001                                 00000000000000  000000000000000000000000000000000000000000000000000014998000                              7898242031448       000000000000000000000000000000000000
04115351700505202600000000320000149980001                                 00000000000000  000000000000000000000000000000000000000000000000000014998000                              7898242031448       000000000000000000000000000000000000
04129024730505202600000000320000149980001                                 00000000000000  000000000000000000000000000000000000000000000000000014998000                              7898242031448       000000000000000000000000000000000000
04114138910505202600000000320000149980001                                 00000000000000  000000000000000000000000000000000000000000000000000014998000                              7898242031448       000000000000000000000000000000000000
04069059510505202600000000320000149980001                                 00000000000000  000000000000000000000000000000000000000000000000000014998000                              7898242031448       000000000000000000000000000000000000
04072216270505202600000000320000149980001                                 00000000000000  000000000000000000000000000000000000000000000000000014998000                              7898242031448       000000000000000000000000000000000000
04124910430505202600000000320000149980001                                 00000000000000  000000000000000000000000000000000000000000000000000014998000                              7898242031448       000000000000000000000000000000000000
04104049940505202600000000320000149980001                                 00000000000000  000000000000000000000000000000000000000000000000000014998000                              7898242031448       000000000000000000000000000000000000
04099608940505202600000000320000149980001                                 00000000000000  000000000000000000000000000000000000000000000000000014998000                              7898242031448       000000000000000000000000000000000000
04103267910505202600000000320000149980001                                 00000000000000  000000000000000000000000000000000000000000000000000014998000                              7898242031448       000000000000000000000000000000000000
04165541270505202600000000320000149980001                                 00000000000000  000000000000000000000000000000000000000000000000000014998000                              7898242031448       000000000000000000000000000000000000
04126975270505202600000000320000149980001                                 00000000000000  000000000000000000000000000000000000000000000000000014998000                              7898242031448       000000000000000000000000000000000000
04128990390505202600000000320000149980001                                 00000000000000  000000000000000000000000000000000000000000000000000014998000                              7898242031448       000000000000000000000000000000000000
04138756040505202600000000320000149980001                                 00000000000000  000000000000000000000000000000000000000000000000000014998000                              7898242031448       000000000000000000000000000000000000
04113026360505202600000000320000149980001                                 00000000000000  000000000000000000000000000000000000000000000000000014998000                              7898242031448       000000000000000000000000000000000000
04097520190505202600000000320000149980001                                 00000000000000  000000000000000000000000000000000000000000000000000014998000                              7898242031448       000000000000000000000000000000000000
04077805130505202600000000320000149980001                                 00000000000000  000000000000000000000000000000000000000000000000000014998000                              7898242031448       000000000000000000000000000000000000
04098471990505202600000000320000149980001                                 00000000000000  000000000000000000000000000000000000000000000000000014998000                              7898242031448       000000000000000000000000000000000000
04077791940505202600000000320000149980001                                 00000000000000  000000000000000000000000000000000000000000000000000014998000                              7898242031448       000000000000000000000000000000000000
04013310310505202600000000320000149980001                                 00000000000000  000000000000000000000000000000000000000000000000000014998000                              7898242031448       000000000000000000000000000000000000
04119759390505202600000000320000149980001                                 00000000000000  000000000000000000000000000000000000000000000000000014998000                              7898242031448       000000000000000000000000000000000000
04114138900505202600000000320000149980001                                 00000000000000  000000000000000000000000000000000000000000000000000014998000                              7898242031448       000000000000000000000000000000000000
04114185900505202600000000320000149980001                                 00000000000000  000000000000000000000000000000000000000000000000000014998000                              7898242031448       000000000000000000000000000000000000
04159053110505202600000000320000149980001                                 00000000000000  000000000000000000000000000000000000000000000000000014998000                              7898242031448       000000000000000000000000000000000000
04124910110505202600000000320000149980001                                 00000000000000  000000000000000000000000000000000000000000000000000014998000                              7898242031448       000000000000000000000000000000000000
04115351710505202600000000320000149980001                                 00000000000000  000000000000000000000000000000000000000000000000000014998000                              7898242031448       000000000000000000000000000000000000
04143009840505202600000000320000149980001                                 00000000000000  000000000000000000000000000000000000000000000000000014998000                              7898242031448       000000000000000000000000000000000000
04149806180505202600000000330000107950001                                 00000000000000  000000000000000000000000000000000000000000000000000010795000                              17898907466025      000000000000000000000000000000000000
04103222570505202600000000330000107950001                                 00000000000000  000000000000000000000000000000000000000000000000000010795000                              17898907466025      000000000000000000000000000000000000
04165367290505202600000000330000107950001                                 00000000000000  000000000000000000000000000000000000000000000000000010795000                              17898907466025      000000000000000000000000000000000000
04165362190505202600000000330000107950001                                 00000000000000  000000000000000000000000000000000000000000000000000010795000                              17898907466025      000000000000000000000000000000000000
04142836460505202600000000330000107950001                                 00000000000000  000000000000000000000000000000000000000000000000000010795000                              17898907466025      000000000000000000000000000000000000
04136997630505202600000000330000107950001                                 00000000000000  000000000000000000000000000000000000000000000000000010795000                              17898907466025      000000000000000000000000000000000000
04149806170505202600000000330000107950001                                 00000000000000  000000000000000000000000000000000000000000000000000010795000                              17898907466025      000000000000000000000000000000000000
04103222560505202600000000330000107950001                                 00000000000000  000000000000000000000000000000000000000000000000000010795000                              17898907466025      000000000000000000000000000000000000
04072311560505202600000000330000107950001                                 00000000000000  000000000000000000000000000000000000000000000000000010795000                              17898907466025      000000000000000000000000000000000000
04128163730505202600000000330000107950001                                 00000000000000  000000000000000000000000000000000000000000000000000010795000                              17898907466025      000000000000000000000000000000000000
04022803680505202600000000330000107950001                                 00000000000000  000000000000000000000000000000000000000000000000000010795000                              17898907466025      000000000000000000000000000000000000
04103222580505202600000000330000107950001                                 00000000000000  000000000000000000000000000000000000000000000000000010795000                              17898907466025      000000000000000000000000000000000000
04134955670505202600000000330000107950001                                 00000000000000  000000000000000000000000000000000000000000000000000010795000                              17898907466025      000000000000000000000000000000000000
04079204050505202600000000330000107950001                                 00000000000000  000000000000000000000000000000000000000000000000000010795000                              17898907466025      000000000000000000000000000000000000
04164439720505202600000000330000107950001                                 00000000000000  000000000000000000000000000000000000000000000000000010795000                              17898907466025      000000000000000000000000000000000000
04100727840505202600000000330000107950001                                 00000000000000  000000000000000000000000000000000000000000000000000010795000                              17898907466025      000000000000000000000000000000000000
04066790310505202600000000330000107950001                                 00000000000000  000000000000000000000000000000000000000000000000000010795000                              17898907466025      000000000000000000000000000000000000
04072225250505202600000000330000107950001                                 00000000000000  000000000000000000000000000000000000000000000000000010795000                              17898907466025      000000000000000000000000000000000000
04071328140505202600000000330000107950001                                 00000000000000  000000000000000000000000000000000000000000000000000010795000                              17898907466025      000000000000000000000000000000000000
04142836470505202600000000330000107950001                                 00000000000000  000000000000000000000000000000000000000000000000000010795000                              17898907466025      000000000000000000000000000000000000
04072310150505202600000000330000107950001                                 00000000000000  000000000000000000000000000000000000000000000000000010795000                              17898907466025      000000000000000000000000000000000000
04131466220505202600000000330000107950001                                 00000000000000  000000000000000000000000000000000000000000000000000010795000                              17898907466025      000000000000000000000000000000000000
04103949760505202600000000340000004140001                                 00000000000000  000000000000000000000000000000000000000000000000000000414000                              7896353821972       000000000000000000000000000000000000
04069194610505202600000000340000004140001                                 00000000000000  000000000000000000000000000000000000000000000000000000414000                              7896353821972       000000000000000000000000000000000000
04075809320505202600000000340000004140001                                 00000000000000  000000000000000000000000000000000000000000000000000000414000                              7896353821972       000000000000000000000000000000000000
04118875330505202600000000340000004140001                                 00000000000000  000000000000000000000000000000000000000000000000000000414000                              7896353821972       000000000000000000000000000000000000
04103949750505202600000000340000004140001                                 00000000000000  000000000000000000000000000000000000000000000000000000414000                              7896353821972       000000000000000000000000000000000000
04069194630505202600000000340000004140001                                 00000000000000  000000000000000000000000000000000000000000000000000000414000                              7896353821972       000000000000000000000000000000000000
04118875320505202600000000340000004140001                                 00000000000000  000000000000000000000000000000000000000000000000000000414000                              7896353821972       000000000000000000000000000000000000
04165492150505202600000000350000011830001                                 00000000000000  000000000000000000000000000000000000000000000000000001183000                              17486026            000000000000000000000000000000000000
04118892380505202600000000350000011830001                                 00000000000000  000000000000000000000000000000000000000000000000000001183000                              17486026            000000000000000000000000000000000000
04137714830505202600000000350000011830001                                 00000000000000  000000000000000000000000000000000000000000000000000001183000                              17486026            000000000000000000000000000000000000
04121649660505202600000000350000011830001                                 00000000000000  000000000000000000000000000000000000000000000000000001183000                              17486026            000000000000000000000000000000000000
04158998710505202600000000350000011830001                                 00000000000000  000000000000000000000000000000000000000000000000000001183000                              17486026            000000000000000000000000000000000000
04118795420505202600000000350000011830001                                 00000000000000  000000000000000000000000000000000000000000000000000001183000                              17486026            000000000000000000000000000000000000
04163397210505202600000000350000069900001                                 00000000000000  000000000000000000000000000000000000000000000000000006990000                              17449932            000000000000000000000000000000000000
04126084780505202600000000350000011830001                                 00000000000000  000000000000000000000000000000000000000000000000000001183000                              17486026            000000000000000000000000000000000000
04107109420505202600000000350000011830001                                 00000000000000  000000000000000000000000000000000000000000000000000001183000                              17486026            000000000000000000000000000000000000
04128992420505202600000000350000011830001                                 00000000000000  000000000000000000000000000000000000000000000000000001183000                              17486026            000000000000000000000000000000000000
04114147420505202600000000350000011830001                                 00000000000000  000000000000000000000000000000000000000000000000000001183000                              17486026            000000000000000000000000000000000000
04103985260505202600000000350000011830001                                 00000000000000  000000000000000000000000000000000000000000000000000001183000                              17486026            000000000000000000000000000000000000
04098493560505202600000000350000011830001                                 00000000000000  000000000000000000000000000000000000000000000000000001183000                              17486026            000000000000000000000000000000000000
04164415160505202600000000350000011830001                                 00000000000000  000000000000000000000000000000000000000000000000000001183000                              17486026            000000000000000000000000000000000000
04128156360505202600000000350000011830001                                 00000000000000  000000000000000000000000000000000000000000000000000001183000                              17486026            000000000000000000000000000000000000
04159039360505202600000000350000011830001                                 00000000000000  000000000000000000000000000000000000000000000000000001183000                              17486026            000000000000000000000000000000000000
04141505150505202600000000350000011830001                                 00000000000000  000000000000000000000000000000000000000000000000000001183000                              17486026            000000000000000000000000000000000000
04124070240505202600000000350000011830001                                 00000000000000  000000000000000000000000000000000000000000000000000001183000                              17486026            000000000000000000000000000000000000
04142806760505202600000000350000011830001                                 00000000000000  000000000000000000000000000000000000000000000000000001183000                              17486026            000000000000000000000000000000000000
04130427790505202600000000350000011830001                                 00000000000000  000000000000000000000000000000000000000000000000000001183000                              17486026            000000000000000000000000000000000000
04084836400505202600000000350000011830001                                 00000000000000  000000000000000000000000000000000000000000000000000001183000                              17486026            000000000000000000000000000000000000
04114123030505202600000000350000011830001                                 00000000000000  000000000000000000000000000000000000000000000000000001183000                              17486026            000000000000000000000000000000000000
04143001030505202600000000350000011830001                                 00000000000000  000000000000000000000000000000000000000000000000000001183000                              17486026            000000000000000000000000000000000000
04126045090505202600000000350000011830001                                 00000000000000  000000000000000000000000000000000000000000000000000001183000                              17486026            000000000000000000000000000000000000
04121789330505202600000000350000011830001                                 00000000000000  000000000000000000000000000000000000000000000000000001183000                              17486026            000000000000000000000000000000000000
04117793350505202600000000350000011830001                                 00000000000000  000000000000000000000000000000000000000000000000000001183000                              17486026            000000000000000000000000000000000000
04090508010505202600000000350000011830001                                 00000000000000  000000000000000000000000000000000000000000000000000001183000                              17486026            000000000000000000000000000000000000
04135042730505202600000000350000069900001                                 00000000000000  000000000000000000000000000000000000000000000000000006990000                              17449932            000000000000000000000000000000000000
04124966240505202600000000350000011830001                                 00000000000000  000000000000000000000000000000000000000000000000000001183000                              17486026            000000000000000000000000000000000000
04080406820505202600000000350000011830001                                 00000000000000  000000000000000000000000000000000000000000000000000001183000                              17486026            000000000000000000000000000000000000
04121723090505202600000000350000011830001                                 00000000000000  000000000000000000000000000000000000000000000000000001183000                              17486026            000000000000000000000000000000000000
04115328280505202600000000350000069900001                                 00000000000000  000000000000000000000000000000000000000000000000000006990000                              17449932            000000000000000000000000000000000000
04159013020505202600000000350000011830001                                 00000000000000  000000000000000000000000000000000000000000000000000001183000                              17486026            000000000000000000000000000000000000
04104946930505202600000000350000011830001                                 00000000000000  000000000000000000000000000000000000000000000000000001183000                              17486026            000000000000000000000000000000000000
04092719520505202600000000350000011830001                                 00000000000000  000000000000000000000000000000000000000000000000000001183000                              17486026            000000000000000000000000000000000000
04118875310505202600000000350000004140001                                 00000000000000  000000000000000000000000000000000000000000000000000000414000                              7896353821965       000000000000000000000000000000000000
04162209030505202600000000350000004140001                                 00000000000000  000000000000000000000000000000000000000000000000000000414000                              7896353821965       000000000000000000000000000000000000
04107112630505202600000000350000011830001                                 00000000000000  000000000000000000000000000000000000000000000000000001183000                              17486026            000000000000000000000000000000000000
04150524300505202600000000350000011830001                                 00000000000000  000000000000000000000000000000000000000000000000000001183000                              17486026            000000000000000000000000000000000000
04124613390505202600000000350000011830001                                 00000000000000  000000000000000000000000000000000000000000000000000001183000                              17486026            000000000000000000000000000000000000
04144228490505202600000000350000011830001                                 00000000000000  000000000000000000000000000000000000000000000000000001183000                              17486026            000000000000000000000000000000000000
04084780900505202600000000350000011830001                                 00000000000000  000000000000000000000000000000000000000000000000000001183000                              17486026            000000000000000000000000000000000000
04090583530505202600000000350000069900001                                 00000000000000  000000000000000000000000000000000000000000000000000006990000                              17449932            000000000000000000000000000000000000
04137712200505202600000000350000011830001                                 00000000000000  000000000000000000000000000000000000000000000000000001183000                              17486026            000000000000000000000000000000000000
04103949730505202600000000350000004140001                                 00000000000000  000000000000000000000000000000000000000000000000000000414000                              7896353821965       000000000000000000000000000000000000
04091768310505202600000000350000011830001                                 00000000000000  000000000000000000000000000000000000000000000000000001183000                              17486026            000000000000000000000000000000000000
04145420340505202600000000350000011830001                                 00000000000000  000000000000000000000000000000000000000000000000000001183000                              17486026            000000000000000000000000000000000000
04134548740505202600000000350000011830001                                 00000000000000  000000000000000000000000000000000000000000000000000001183000                              17486026            000000000000000000000000000000000000
04124610590505202600000000350000011830001                                 00000000000000  000000000000000000000000000000000000000000000000000001183000                              17486026            000000000000000000000000000000000000
04114124130505202600000000350000011830001                                 00000000000000  000000000000000000000000000000000000000000000000000001183000                              17486026            000000000000000000000000000000000000
04084920440505202600000000350000011830001                                 00000000000000  000000000000000000000000000000000000000000000000000001183000                              17486026            000000000000000000000000000000000000
04150510410505202600000000350000011830001                                 00000000000000  000000000000000000000000000000000000000000000000000001183000                              17486026            000000000000000000000000000000000000
04124073860505202600000000350000011830001                                 00000000000000  000000000000000000000000000000000000000000000000000001183000                              17486026            000000000000000000000000000000000000
04103933850505202600000000350000011830001                                 00000000000000  000000000000000000000000000000000000000000000000000001183000                              17486026            000000000000000000000000000000000000
04084881020505202600000000350000011830001                                 00000000000000  000000000000000000000000000000000000000000000000000001183000                              17486026            000000000000000000000000000000000000
04119762100505202600000000350000011830001                                 00000000000000  000000000000000000000000000000000000000000000000000001183000                              17486026            000000000000000000000000000000000000
04128145350505202600000000350000011830001                                 00000000000000  000000000000000000000000000000000000000000000000000001183000                              17486026            000000000000000000000000000000000000
04121812440505202600000000350000011830001                                 00000000000000  000000000000000000000000000000000000000000000000000001183000                              17486026            000000000000000000000000000000000000
04137847750505202600000000350000011830001                                 00000000000000  000000000000000000000000000000000000000000000000000001183000                              17486026            000000000000000000000000000000000000
04142806730505202600000000350000011830001                                 00000000000000  000000000000000000000000000000000000000000000000000001183000                              17486026            000000000000000000000000000000000000
04164287880505202600000000350000011830001                                 00000000000000  000000000000000000000000000000000000000000000000000001183000                              17486026            000000000000000000000000000000000000
04163378680505202600000000350000069900001                                 00000000000000  000000000000000000000000000000000000000000000000000006990000                              17449932            000000000000000000000000000000000000
04164051790505202600000000350000011830001                                 00000000000000  000000000000000000000000000000000000000000000000000001183000                              17486026            000000000000000000000000000000000000
04083815420505202600000000350000011830001                                 00000000000000  000000000000000000000000000000000000000000000000000001183000                              17486026            000000000000000000000000000000000000
04124966210505202600000000350000011830001                                 00000000000000  000000000000000000000000000000000000000000000000000001183000                              17486026            000000000000000000000000000000000000
04137741810505202600000000350000011830001                                 00000000000000  000000000000000000000000000000000000000000000000000001183000                              17486026            000000000000000000000000000000000000
04159009460505202600000000350000011830001                                 00000000000000  000000000000000000000000000000000000000000000000000001183000                              17486026            000000000000000000000000000000000000
04118829810505202600000000350000069900001                                 00000000000000  000000000000000000000000000000000000000000000000000006990000                              17449932            000000000000000000000000000000000000
04165470420505202600000000350000011830001                                 00000000000000  000000000000000000000000000000000000000000000000000001183000                              17486026            000000000000000000000000000000000000
04118892370505202600000000350000011830001                                 00000000000000  000000000000000000000000000000000000000000000000000001183000                              17486026            000000000000000000000000000000000000
04092718110505202600000000350000011830001                                 00000000000000  000000000000000000000000000000000000000000000000000001183000                              17486026            000000000000000000000000000000000000
04113012740505202600000000350000011830001                                 00000000000000  000000000000000000000000000000000000000000000000000001183000                              17486026            000000000000000000000000000000000000
04164486480505202600000000350000011830001                                 00000000000000  000000000000000000000000000000000000000000000000000001183000                              17486026            000000000000000000000000000000000000
04072310160505202600000000350000069900001                                 00000000000000  000000000000000000000000000000000000000000000000000006990000                              17449932            000000000000000000000000000000000000
04163396150505202600000000350000069900001                                 00000000000000  000000000000000000000000000000000000000000000000000006990000                              17449932            000000000000000000000000000000000000
04145426580505202600000000350000011830001                                 00000000000000  000000000000000000000000000000000000000000000000000001183000                              17486026            000000000000000000000000000000000000
04128178570505202600000000350000011830001                                 00000000000000  000000000000000000000000000000000000000000000000000001183000                              17486026            000000000000000000000000000000000000
04098495040505202600000000350000011830001                                 00000000000000  000000000000000000000000000000000000000000000000000001183000                              17486026            000000000000000000000000000000000000
04134571120505202600000000350000011830001                                 00000000000000  000000000000000000000000000000000000000000000000000001183000                              17486026            000000000000000000000000000000000000
04128992410505202600000000350000011830001                                 00000000000000  000000000000000000000000000000000000000000000000000001183000                              17486026            000000000000000000000000000000000000
04084859580505202600000000350000011830001                                 00000000000000  000000000000000000000000000000000000000000000000000001183000                              17486026            000000000000000000000000000000000000
04069194600505202600000000350000004140001                                 00000000000000  000000000000000000000000000000000000000000000000000000414000                              7896353821965       000000000000000000000000000000000000
04133532360505202600000000350000011830001                                 00000000000000  000000000000000000000000000000000000000000000000000001183000                              17486026            000000000000000000000000000000000000
04144336230505202600000000350000011830001                                 00000000000000  000000000000000000000000000000000000000000000000000001183000                              17486026            000000000000000000000000000000000000
04159039350505202600000000350000011830001                                 00000000000000  000000000000000000000000000000000000000000000000000001183000                              17486026            000000000000000000000000000000000000
04084836390505202600000000350000011830001                                 00000000000000  000000000000000000000000000000000000000000000000000001183000                              17486026            000000000000000000000000000000000000
04126038250505202600000000350000011830001                                 00000000000000  000000000000000000000000000000000000000000000000000001183000                              17486026            000000000000000000000000000000000000
04164051810505202600000000350000011830001                                 00000000000000  000000000000000000000000000000000000000000000000000001183000                              17486026            000000000000000000000000000000000000
04153668180505202600000000350000011830001                                 00000000000000  000000000000000000000000000000000000000000000000000001183000                              17486026            000000000000000000000000000000000000
04146556190505202600000000350000011830001                                 00000000000000  000000000000000000000000000000000000000000000000000001183000                              17486026            000000000000000000000000000000000000
04129037010505202600000000350000011830001                                 00000000000000  000000000000000000000000000000000000000000000000000001183000                              17486026            000000000000000000000000000000000000
04103243840505202600000000350000011830001                                 00000000000000  000000000000000000000000000000000000000000000000000001183000                              17486026            000000000000000000000000000000000000
04090592910505202600000000350000069900001                                 00000000000000  000000000000000000000000000000000000000000000000000006990000                              17449932            000000000000000000000000000000000000
04114212240505202600000000350000011830001                                 00000000000000  000000000000000000000000000000000000000000000000000001183000                              17486026            000000000000000000000000000000000000
04137748820505202600000000350000011830001                                 00000000000000  000000000000000000000000000000000000000000000000000001183000                              17486026            000000000000000000000000000000000000
04115425340505202600000000350000011830001                                 00000000000000  000000000000000000000000000000000000000000000000000001183000                              17486026            000000000000000000000000000000000000
04150537050505202600000000350000011830001                                 00000000000000  000000000000000000000000000000000000000000000000000001183000                              17486026            000000000000000000000000000000000000
04118875300505202600000000350000004140001                                 00000000000000  000000000000000000000000000000000000000000000000000000414000                              7896353821965       000000000000000000000000000000000000
04113058640505202600000000350000011830001                                 00000000000000  000000000000000000000000000000000000000000000000000001183000                              17486026            000000000000000000000000000000000000
04142838080505202600000000350000011830001                                 00000000000000  000000000000000000000000000000000000000000000000000001183000                              17486026            000000000000000000000000000000000000
04118892390505202600000000350000011830001                                 00000000000000  000000000000000000000000000000000000000000000000000001183000                              17486026            000000000000000000000000000000000000
04151790980505202600000000350000011830001                                 00000000000000  000000000000000000000000000000000000000000000000000001183000                              17486026            000000000000000000000000000000000000
04159003400505202600000000350000011830001                                 00000000000000  000000000000000000000000000000000000000000000000000001183000                              17486026            000000000000000000000000000000000000
04104920390505202600000000350000011830001                                 00000000000000  000000000000000000000000000000000000000000000000000001183000                              17486026            000000000000000000000000000000000000
04159309630505202600000000350000011830001                                 00000000000000  000000000000000000000000000000000000000000000000000001183000                              17486026            000000000000000000000000000000000000
04085659100505202600000000350000011830001                                 00000000000000  000000000000000000000000000000000000000000000000000001183000                              17486026            000000000000000000000000000000000000
04137712240505202600000000350000011830001                                 00000000000000  000000000000000000000000000000000000000000000000000001183000                              17486026            000000000000000000000000000000000000
04163400750505202600000000350000069900001                                 00000000000000  000000000000000000000000000000000000000000000000000006990000                              17449932            000000000000000000000000000000000000
04155705240505202600000000350000069900001                                 00000000000000  000000000000000000000000000000000000000000000000000006990000                              17449932            000000000000000000000000000000000000
04128992430505202600000000350000011830001                                 00000000000000  000000000000000000000000000000000000000000000000000001183000                              17486026            000000000000000000000000000000000000
04160431580505202600000000350000011830001                                 00000000000000  000000000000000000000000000000000000000000000000000001183000                              17486026            000000000000000000000000000000000000
04130475900505202600000000350000011830001                                 00000000000000  000000000000000000000000000000000000000000000000000001183000                              17486026            000000000000000000000000000000000000
04090583520505202600000000350000069900001                                 00000000000000  000000000000000000000000000000000000000000000000000006990000                              17449932            000000000000000000000000000000000000
04137712190505202600000000350000011830001                                 00000000000000  000000000000000000000000000000000000000000000000000001183000                              17486026            000000000000000000000000000000000000
04091768300505202600000000350000011830001                                 00000000000000  000000000000000000000000000000000000000000000000000001183000                              17486026            000000000000000000000000000000000000
04098493570505202600000000350000011830001                                 00000000000000  000000000000000000000000000000000000000000000000000001183000                              17486026            000000000000000000000000000000000000
04115345530505202600000000350000069900001                                 00000000000000  000000000000000000000000000000000000000000000000000006990000                              17449932            000000000000000000000000000000000000
04098535330505202600000000350000011830001                                 00000000000000  000000000000000000000000000000000000000000000000000001183000                              17486026            000000000000000000000000000000000000
04095616140505202600000000350000011830001                                 00000000000000  000000000000000000000000000000000000000000000000000001183000                              17486026            000000000000000000000000000000000000
04133515600505202600000000350000011830001                                 00000000000000  000000000000000000000000000000000000000000000000000001183000                              17486026            000000000000000000000000000000000000
04084880990505202600000000350000011830001                                 00000000000000  000000000000000000000000000000000000000000000000000001183000                              17486026            000000000000000000000000000000000000
04146574170505202600000000350000011830001                                 00000000000000  000000000000000000000000000000000000000000000000000001183000                              17486026            000000000000000000000000000000000000
04139987400505202600000000350000011830001                                 00000000000000  000000000000000000000000000000000000000000000000000001183000                              17486026            000000000000000000000000000000000000
04160344820505202600000000350000011830001                                 00000000000000  000000000000000000000000000000000000000000000000000001183000                              17486026            000000000000000000000000000000000000
04124049790505202600000000350000011830001                                 00000000000000  000000000000000000000000000000000000000000000000000001183000                              17486026            000000000000000000000000000000000000
04109257140505202600000000350000011830001                                 00000000000000  000000000000000000000000000000000000000000000000000001183000                              17486026            000000000000000000000000000000000000
04103267880505202600000000350000011830001                                 00000000000000  000000000000000000000000000000000000000000000000000001183000                              17486026            000000000000000000000000000000000000
04163378670505202600000000350000069900001                                 00000000000000  000000000000000000000000000000000000000000000000000006990000                              17449932            000000000000000000000000000000000000
04115328290505202600000000350000069900001                                 00000000000000  000000000000000000000000000000000000000000000000000006990000                              17449932            000000000000000000000000000000000000
04146556160505202600000000350000011830001                                 00000000000000  000000000000000000000000000000000000000000000000000001183000                              17486026            000000000000000000000000000000000000
04137833430505202600000000350000011830001                                 00000000000000  000000000000000000000000000000000000000000000000000001183000                              17486026            000000000000000000000000000000000000
04086927800505202600000000350000069900001                                 00000000000000  000000000000000000000000000000000000000000000000000006990000                              17449932            000000000000000000000000000000000000
04131431650505202600000000350000011830001                                 00000000000000  000000000000000000000000000000000000000000000000000001183000                              17486026            000000000000000000000000000000000000
04159005570505202600000000350000069900001                                 00000000000000  000000000000000000000000000000000000000000000000000006990000                              17449932            000000000000000000000000000000000000
04115412000505202600000000350000011830001                                 00000000000000  000000000000000000000000000000000000000000000000000001183000                              17486026            000000000000000000000000000000000000
04118829800505202600000000350000069900001                                 00000000000000  000000000000000000000000000000000000000000000000000006990000                              17449932            000000000000000000000000000000000000
04142838050505202600000000350000011830001                                 00000000000000  000000000000000000000000000000000000000000000000000001183000                              17486026            000000000000000000000000000000000000
04144228500505202600000000350000011830001                                 00000000000000  000000000000000000000000000000000000000000000000000001183000                              17486026            000000000000000000000000000000000000
04126137690505202600000000350000011830001                                 00000000000000  000000000000000000000000000000000000000000000000000001183000                              17486026            000000000000000000000000000000000000
04092718100505202600000000350000011830001                                 00000000000000  000000000000000000000000000000000000000000000000000001183000                              17486026            000000000000000000000000000000000000
04158998690505202600000000350000011830001                                 00000000000000  000000000000000000000000000000000000000000000000000001183000                              17486026            000000000000000000000000000000000000
04107088810505202600000000350000011830001                                 00000000000000  000000000000000000000000000000000000000000000000000001183000                              17486026            000000000000000000000000000000000000
04169975740505202600000000350000011830001                                 00000000000000  000000000000000000000000000000000000000000000000000001183000                              17486026            000000000000000000000000000000000000
04103949740505202600000000350000004140001                                 00000000000000  000000000000000000000000000000000000000000000000000000414000                              7896353821965       000000000000000000000000000000000000
04121634750505202600000000350000011830001                                 00000000000000  000000000000000000000000000000000000000000000000000001183000                              17486026            000000000000000000000000000000000000
04150510470505202600000000350000011830001                                 00000000000000  000000000000000000000000000000000000000000000000000001183000                              17486026            000000000000000000000000000000000000
04124610600505202600000000350000011830001                                 00000000000000  000000000000000000000000000000000000000000000000000001183000                              17486026            000000000000000000000000000000000000
04084859560505202600000000350000011830001                                 00000000000000  000000000000000000000000000000000000000000000000000001183000                              17486026            000000000000000000000000000000000000
04114124140505202600000000350000011830001                                 00000000000000  000000000000000000000000000000000000000000000000000001183000                              17486026            000000000000000000000000000000000000
04098382060505202600000000350000011830001                                 00000000000000  000000000000000000000000000000000000000000000000000001183000                              17486026            000000000000000000000000000000000000
04069194590505202600000000350000004140001                                 00000000000000  000000000000000000000000000000000000000000000000000000414000                              7896353821965       000000000000000000000000000000000000
04155616420505202600000000350000011830001                                 00000000000000  000000000000000000000000000000000000000000000000000001183000                              17486026            000000000000000000000000000000000000
04103981660505202600000000350000011830001                                 00000000000000  000000000000000000000000000000000000000000000000000001183000                              17486026            000000000000000000000000000000000000
04103933860505202600000000350000011830001                                 00000000000000  000000000000000000000000000000000000000000000000000001183000                              17486026            000000000000000000000000000000000000
04119766830505202600000000350000011830001                                 00000000000000  000000000000000000000000000000000000000000000000000001183000                              17486026            000000000000000000000000000000000000
04121830080505202600000000350000011830001                                 00000000000000  000000000000000000000000000000000000000000000000000001183000                              17486026            000000000000000000000000000000000000
04159027190505202600000000350000069900001                                 00000000000000  000000000000000000000000000000000000000000000000000006990000                              17449932            000000000000000000000000000000000000
04150505110505202600000000350000011830001                                 00000000000000  000000000000000000000000000000000000000000000000000001183000                              17486026            000000000000000000000000000000000000
04141502400505202600000000350000011830001                                 00000000000000  000000000000000000000000000000000000000000000000000001183000                              17486026            000000000000000000000000000000000000
04109261270505202600000000350000011830001                                 00000000000000  000000000000000000000000000000000000000000000000000001183000                              17486026            000000000000000000000000000000000000
04084836380505202600000000350000011830001                                 00000000000000  000000000000000000000000000000000000000000000000000001183000                              17486026            000000000000000000000000000000000000
04164051800505202600000000350000011830001                                 00000000000000  000000000000000000000000000000000000000000000000000001183000                              17486026            000000000000000000000000000000000000
04121729780505202600000000350000011830001                                 00000000000000  000000000000000000000000000000000000000000000000000001183000                              17486026            000000000000000000000000000000000000
04137836730505202600000000350000011830001                                 00000000000000  000000000000000000000000000000000000000000000000000001183000                              17486026            000000000000000000000000000000000000
04104957950505202600000000350000011830001                                 00000000000000  000000000000000000000000000000000000000000000000000001183000                              17486026            000000000000000000000000000000000000
04139980320505202600000000350000011830001                                 00000000000000  000000000000000000000000000000000000000000000000000001183000                              17486026            000000000000000000000000000000000000
04083815430505202600000000350000011830001                                 00000000000000  000000000000000000000000000000000000000000000000000001183000                              17486026            000000000000000000000000000000000000
04141573740505202600000000350000011830001                                 00000000000000  000000000000000000000000000000000000000000000000000001183000                              17486026            000000000000000000000000000000000000
04121666860505202600000000350000011830001                                 00000000000000  000000000000000000000000000000000000000000000000000001183000                              17486026            000000000000000000000000000000000000
04079204040505202600000000380000100420001                                 00000000000000  000000000000000000000000000000000000000000000000000010042000                              17898907467022      000000000000000000000000000000000000
04071273560505202600000000380000100420001                                 00000000000000  000000000000000000000000000000000000000000000000000010042000                              17898907467022      000000000000000000000000000000000000
04072310120505202600000000380000100420001                                 00000000000000  000000000000000000000000000000000000000000000000000010042000                              17898907467022      000000000000000000000000000000000000
04083830330505202600000000380000100420001                                 00000000000000  000000000000000000000000000000000000000000000000000010042000                              17898907467022      000000000000000000000000000000000000
04097548120505202600000000380000100420001                                 00000000000000  000000000000000000000000000000000000000000000000000010042000                              17898907467022      000000000000000000000000000000000000
04118829890505202600000000380000100420001                                 00000000000000  000000000000000000000000000000000000000000000000000010042000                              17898907467022      000000000000000000000000000000000000
04130583120505202600000000380000100420001                                 00000000000000  000000000000000000000000000000000000000000000000000010042000                              17898907467022      000000000000000000000000000000000000
04103222590505202600000000380000100420001                                 00000000000000  000000000000000000000000000000000000000000000000000010042000                              17898907467022      000000000000000000000000000000000000
04066790320505202600000000380000100420001                                 00000000000000  000000000000000000000000000000000000000000000000000010042000                              17898907467022      000000000000000000000000000000000000
04109264510505202600000000380000100420001                                 00000000000000  000000000000000000000000000000000000000000000000000010042000                              17898907467022      000000000000000000000000000000000000
04137833440505202600000000380000100420001                                 00000000000000  000000000000000000000000000000000000000000000000000010042000                              17898907467022      000000000000000000000000000000000000
04080301620505202600000000380000100420001                                 00000000000000  000000000000000000000000000000000000000000000000000010042000                              17898907467022      000000000000000000000000000000000000
04071273550505202600000000380000100420001                                 00000000000000  000000000000000000000000000000000000000000000000000010042000                              17898907467022      000000000000000000000000000000000000
04118795410505202600000000380000100420001                                 00000000000000  000000000000000000000000000000000000000000000000000010042000                              17898907467022      000000000000000000000000000000000000
04149806120505202600000000380000100420001                                 00000000000000  000000000000000000000000000000000000000000000000000010042000                              17898907467022      000000000000000000000000000000000000
04141508400505202600000000380000100420001                                 00000000000000  000000000000000000000000000000000000000000000000000010042000                              17898907467022      000000000000000000000000000000000000
04109261280505202600000000380000100420001                                 00000000000000  000000000000000000000000000000000000000000000000000010042000                              17898907467022      000000000000000000000000000000000000
04130583110505202600000000380000100420001                                 00000000000000  000000000000000000000000000000000000000000000000000010042000                              17898907467022      000000000000000000000000000000000000
04075824870505202600000000380000100420001                                 00000000000000  000000000000000000000000000000000000000000000000000010042000                              17898907467022      000000000000000000000000000000000000
04081049620505202600000000380000100420001                                 00000000000000  000000000000000000000000000000000000000000000000000010042000                              17898907467022      000000000000000000000000000000000000
04072310130505202600000000380000100420001                                 00000000000000  000000000000000000000000000000000000000000000000000010042000                              17898907467022      000000000000000000000000000000000000
04118829900505202600000000380000100420001                                 00000000000000  000000000000000000000000000000000000000000000000000010042000                              17898907467022      000000000000000000000000000000000000
04165530800505202600000000380000100420001                                 00000000000000  000000000000000000000000000000000000000000000000000010042000                              17898907467022      000000000000000000000000000000000000
04103222600505202600000000380000100420001                                 00000000000000  000000000000000000000000000000000000000000000000000010042000                              17898907467022      000000000000000000000000000000000000
04149806110505202600000000380000100420001                                 00000000000000  000000000000000000000000000000000000000000000000000010042000                              17898907467022      000000000000000000000000000000000000
04099558960505202600000000380000100420001                                 00000000000000  000000000000000000000000000000000000000000000000000010042000                              17898907467022      000000000000000000000000000000000000
04164434080505202600000000380000100420001                                 00000000000000  000000000000000000000000000000000000000000000000000010042000                              17898907467022      000000000000000000000000000000000000
04115328310505202600000000380000100420001                                 00000000000000  000000000000000000000000000000000000000000000000000010042000                              17898907467022      000000000000000000000000000000000000
04071454740505202600000000380000100420001                                 00000000000000  000000000000000000000000000000000000000000000000000010042000                              17898907467022      000000000000000000000000000000000000
04160372860505202600000000400000011050001                                 00000000000000  000000000000000000000000000000000000000000000000000001105000                              17923077            000000000000000000000000000000000000
04159359420505202600000000400000011050001                                 00000000000000  000000000000000000000000000000000000000000000000000001105000                              17923077            000000000000000000000000000000000000
04142838070505202600000000450000014950001                                 00000000000000  000000000000000000000000000000000000000000000000000001495000                              17449979            000000000000000000000000000000000000
04072320750505202600000000450000014950001                                 00000000000000  000000000000000000000000000000000000000000000000000001495000                              17449979            000000000000000000000000000000000000
04137712230505202600000000450000014950001                                 00000000000000  000000000000000000000000000000000000000000000000000001495000                              17449979            000000000000000000000000000000000000
04114123080505202600000000450000014950001                                 00000000000000  000000000000000000000000000000000000000000000000000001495000                              17449979            000000000000000000000000000000000000
04126050700505202600000000450000014950001                                 00000000000000  000000000000000000000000000000000000000000000000000001495000                              17449979            000000000000000000000000000000000000
04084881080505202600000000450000014950001                                 00000000000000  000000000000000000000000000000000000000000000000000001495000                              17449979            000000000000000000000000000000000000
04092718210505202600000000450000014950001                                 00000000000000  000000000000000000000000000000000000000000000000000001495000                              17449979            000000000000000000000000000000000000
04142838120505202600000000450000014950001                                 00000000000000  000000000000000000000000000000000000000000000000000001495000                              17449979            000000000000000000000000000000000000
04134974340505202600000000450000014950001                                 00000000000000  000000000000000000000000000000000000000000000000000001495000                              17449979            000000000000000000000000000000000000
04092737760505202600000000450000014950001                                 00000000000000  000000000000000000000000000000000000000000000000000001495000                              17449979            000000000000000000000000000000000000
04137712220505202600000000450000014950001                                 00000000000000  000000000000000000000000000000000000000000000000000001495000                              17449979            000000000000000000000000000000000000
04115345510505202600000000450000014950001                                 00000000000000  000000000000000000000000000000000000000000000000000001495000                              17449979            000000000000000000000000000000000000
04114123070505202600000000450000014950001                                 00000000000000  000000000000000000000000000000000000000000000000000001495000                              17449979            000000000000000000000000000000000000
04142806750505202600000000450000014950001                                 00000000000000  000000000000000000000000000000000000000000000000000001495000                              17449979            000000000000000000000000000000000000
04144228580505202600000000450000014950001                                 00000000000000  000000000000000000000000000000000000000000000000000001495000                              17449979            000000000000000000000000000000000000
04084881090505202600000000450000014950001                                 00000000000000  000000000000000000000000000000000000000000000000000001495000                              17449979            000000000000000000000000000000000000
04092718220505202600000000450000014950001                                 00000000000000  000000000000000000000000000000000000000000000000000001495000                              17449979            000000000000000000000000000000000000
04144228570505202600000000450000014950001                                 00000000000000  000000000000000000000000000000000000000000000000000001495000                              17449979            000000000000000000000000000000000000
04099682030505202600000000470000011830001                                 00000000000000  000000000000000000000000000000000000000000000000000001183000                              17209895            000000000000000000000000000000000000
04129009370505202600000000470000011830001                                 00000000000000  000000000000000000000000000000000000000000000000000001183000                              17209895            000000000000000000000000000000000000
04144228520505202600000000470000011830001                                 00000000000000  000000000000000000000000000000000000000000000000000001183000                              17209895            000000000000000000000000000000000000
04069297230505202600000000470000011830001                                 00000000000000  000000000000000000000000000000000000000000000000000001183000                              17209895            000000000000000000000000000000000000
04072220330505202600000000470000011830001                                 00000000000000  000000000000000000000000000000000000000000000000000001183000                              17209895            000000000000000000000000000000000000
04150510490505202600000000470000011830001                                 00000000000000  000000000000000000000000000000000000000000000000000001183000                              17209895            000000000000000000000000000000000000
04118882160505202600000000470000011830001                                 00000000000000  000000000000000000000000000000000000000000000000000001183000                              17209895            000000000000000000000000000000000000
04073455240505202600000000470000011830001                                 00000000000000  000000000000000000000000000000000000000000000000000001183000                              17209895            000000000000000000000000000000000000
04069196680505202600000000470000011830001                                 00000000000000  000000000000000000000000000000000000000000000000000001183000                              17209895            000000000000000000000000000000000000
04150510440505202600000000470000011830001                                 00000000000000  000000000000000000000000000000000000000000000000000001183000                              17209895            000000000000000000000000000000000000
04084881060505202600000000470000011830001                                 00000000000000  000000000000000000000000000000000000000000000000000001183000                              17209895            000000000000000000000000000000000000
04118597740505202600000000470000011830001                                 00000000000000  000000000000000000000000000000000000000000000000000001183000                              17209895            000000000000000000000000000000000000
04166655290505202600000000470000011830001                                 00000000000000  000000000000000000000000000000000000000000000000000001183000                              17209895            000000000000000000000000000000000000
04103320610505202600000000470000011830001                                 00000000000000  000000000000000000000000000000000000000000000000000001183000                              17209895            000000000000000000000000000000000000
04109250910505202600000000470000011830001                                 00000000000000  000000000000000000000000000000000000000000000000000001183000                              17209895            000000000000000000000000000000000000
04014042980505202600000000470000011830001                                 00000000000000  000000000000000000000000000000000000000000000000000001183000                              17209895            000000000000000000000000000000000000
04075824880505202600000000470000011830001                                 00000000000000  000000000000000000000000000000000000000000000000000001183000                              17209895            000000000000000000000000000000000000
04115439030505202600000000470000011830001                                 00000000000000  000000000000000000000000000000000000000000000000000001183000                              17209895            000000000000000000000000000000000000
04139966820505202600000000470000011830001                                 00000000000000  000000000000000000000000000000000000000000000000000001183000                              17209895            000000000000000000000000000000000000
04065620710505202600000000470000011830001                                 00000000000000  000000000000000000000000000000000000000000000000000001183000                              17209895            000000000000000000000000000000000000
04124610640505202600000000470000011830001                                 00000000000000  000000000000000000000000000000000000000000000000000001183000                              17209895            000000000000000000000000000000000000
04167768990505202600000000470000011830001                                 00000000000000  000000000000000000000000000000000000000000000000000001183000                              17209895            000000000000000000000000000000000000
04126079490505202600000000470000011830001                                 00000000000000  000000000000000000000000000000000000000000000000000001183000                              17209895            000000000000000000000000000000000000
04104018340505202600000000470000011830001                                 00000000000000  000000000000000000000000000000000000000000000000000001183000                              17209895            000000000000000000000000000000000000
04034774570505202600000000470000011830001                                 00000000000000  000000000000000000000000000000000000000000000000000001183000                              17209895            000000000000000000000000000000000000
04099558950505202600000000470000011830001                                 00000000000000  000000000000000000000000000000000000000000000000000001183000                              17209895            000000000000000000000000000000000000
04103938240505202600000000470000011830001                                 00000000000000  000000000000000000000000000000000000000000000000000001183000                              17209895            000000000000000000000000000000000000
04012110940505202600000000470000011830001                                 00000000000000  000000000000000000000000000000000000000000000000000001183000                              17209895            000000000000000000000000000000000000
04164051840505202600000000470000011830001                                 00000000000000  000000000000000000000000000000000000000000000000000001183000                              17209895            000000000000000000000000000000000000
04080011990505202600000000470000011830001                                 00000000000000  000000000000000000000000000000000000000000000000000001183000                              17209895            000000000000000000000000000000000000
04014104320505202600000000470000011830001                                 00000000000000  000000000000000000000000000000000000000000000000000001183000                              17209895            000000000000000000000000000000000000
04151804660505202600000000470000011830001                                 00000000000000  000000000000000000000000000000000000000000000000000001183000                              17209895            000000000000000000000000000000000000
04092718160505202600000000470000011830001                                 00000000000000  000000000000000000000000000000000000000000000000000001183000                              17209895            000000000000000000000000000000000000
04099630220505202600000000470000011830001                                 00000000000000  000000000000000000000000000000000000000000000000000001183000                              17209895            000000000000000000000000000000000000
04114147480505202600000000470000011830001                                 00000000000000  000000000000000000000000000000000000000000000000000001183000                              17209895            000000000000000000000000000000000000
04159039400505202600000000470000011830001                                 00000000000000  000000000000000000000000000000000000000000000000000001183000                              17209895            000000000000000000000000000000000000
04118633350505202600000000470000011830001                                 00000000000000  000000000000000000000000000000000000000000000000000001183000                              17209895            000000000000000000000000000000000000
04160402210505202600000000470000011830001                                 00000000000000  000000000000000000000000000000000000000000000000000001183000                              17209895            000000000000000000000000000000000000
04118882150505202600000000470000011830001                                 00000000000000  000000000000000000000000000000000000000000000000000001183000                              17209895            000000000000000000000000000000000000
04069196670505202600000000470000011830001                                 00000000000000  000000000000000000000000000000000000000000000000000001183000                              17209895            000000000000000000000000000000000000
04118606550505202600000000470000011830001                                 00000000000000  000000000000000000000000000000000000000000000000000001183000                              17209895            000000000000000000000000000000000000
04118597320505202600000000470000011830001                                 00000000000000  000000000000000000000000000000000000000000000000000001183000                              17209895            000000000000000000000000000000000000
04124066160505202600000000470000011830001                                 00000000000000  000000000000000000000000000000000000000000000000000001183000                              17209895            000000000000000000000000000000000000
04071274690505202600000000470000011830001                                 00000000000000  000000000000000000000000000000000000000000000000000001183000                              17209895            000000000000000000000000000000000000
04014037770505202600000000470000011830001                                 00000000000000  000000000000000000000000000000000000000000000000000001183000                              17209895            000000000000000000000000000000000000
04121834300505202600000000470000011830001                                 00000000000000  000000000000000000000000000000000000000000000000000001183000                              17209895            000000000000000000000000000000000000
04144228530505202600000000470000011830001                                 00000000000000  000000000000000000000000000000000000000000000000000001183000                              17209895            000000000000000000000000000000000000
04114185880505202600000000470000011830001                                 00000000000000  000000000000000000000000000000000000000000000000000001183000                              17209895            000000000000000000000000000000000000
04065736510505202600000000470000011830001                                 00000000000000  000000000000000000000000000000000000000000000000000001183000                              17209895            000000000000000000000000000000000000
04145439990505202600000000470000011830001                                 00000000000000  000000000000000000000000000000000000000000000000000001183000                              17209895            000000000000000000000000000000000000
04134950690505202600000000470000011830001                                 00000000000000  000000000000000000000000000000000000000000000000000001183000                              17209895            000000000000000000000000000000000000
04098365580505202600000000470000011830001                                 00000000000000  000000000000000000000000000000000000000000000000000001183000                              17209895            000000000000000000000000000000000000
04128156370505202600000000470000011830001                                 00000000000000  000000000000000000000000000000000000000000000000000001183000                              17209895            000000000000000000000000000000000000
04150656790505202600000000470000011830001                                 00000000000000  000000000000000000000000000000000000000000000000000001183000                              17209895            000000000000000000000000000000000000
04121726870505202600000000470000011830001                                 00000000000000  000000000000000000000000000000000000000000000000000001183000                              17209895            000000000000000000000000000000000000
04141567790505202600000000470000011830001                                 00000000000000  000000000000000000000000000000000000000000000000000001183000                              17209895            000000000000000000000000000000000000
04150524310505202600000000470000011830001                                 00000000000000  000000000000000000000000000000000000000000000000000001183000                              17209895            000000000000000000000000000000000000
04124610650505202600000000470000011830001                                 00000000000000  000000000000000000000000000000000000000000000000000001183000                              17209895            000000000000000000000000000000000000
04155691980505202600000000470000011830001                                 00000000000000  000000000000000000000000000000000000000000000000000001183000                              17209895            000000000000000000000000000000000000
04098493610505202600000000470000011830001                                 00000000000000  000000000000000000000000000000000000000000000000000001183000                              17209895            000000000000000000000000000000000000
04159039390505202600000000470000011830001                                 00000000000000  000000000000000000000000000000000000000000000000000001183000                              17209895            000000000000000000000000000000000000
04103938250505202600000000470000011830001                                 00000000000000  000000000000000000000000000000000000000000000000000001183000                              17209895            000000000000000000000000000000000000
04126056130505202600000000470000011830001                                 00000000000000  000000000000000000000000000000000000000000000000000001183000                              17209895            000000000000000000000000000000000000
04084836430505202600000000470000011830001                                 00000000000000  000000000000000000000000000000000000000000000000000001183000                              17209895            000000000000000000000000000000000000
04164051850505202600000000470000011830001                                 00000000000000  000000000000000000000000000000000000000000000000000001183000                              17209895            000000000000000000000000000000000000
04071274680505202600000000470000011830001                                 00000000000000  000000000000000000000000000000000000000000000000000001183000                              17209895            000000000000000000000000000000000000
04092718170505202600000000470000011830001                                 00000000000000  000000000000000000000000000000000000000000000000000001183000                              17209895            000000000000000000000000000000000000
04014037760505202600000000470000011830001                                 00000000000000  000000000000000000000000000000000000000000000000000001183000                              17209895            000000000000000000000000000000000000
04124948760505202600000000500000006270001                                 00000000000000  000000000000000000000000000000000000000000000000000000627000                              7898315810185       000000000000000000000000000000000000
04124948750505202600000000500000006270001                                 00000000000000  000000000000000000000000000000000000000000000000000000627000                              7898315810185       000000000000000000000000000000000000
04128992520505202600000000570000009370001                                 00000000000000  000000000000000000000000000000000000000000000000000000937000                              17667081            000000000000000000000000000000000000
04165402820505202600000000570000009370001                                 00000000000000  000000000000000000000000000000000000000000000000000000937000                              17667081            000000000000000000000000000000000000
04124610670505202600000000570000009370001                                 00000000000000  000000000000000000000000000000000000000000000000000000937000                              17667081            000000000000000000000000000000000000
04143110170505202600000000570000009370001                                 00000000000000  000000000000000000000000000000000000000000000000000000937000                              17667081            000000000000000000000000000000000000
04137714850505202600000000570000009370001                                 00000000000000  000000000000000000000000000000000000000000000000000000937000                              17667081            000000000000000000000000000000000000
04159309640505202600000000570000009370001                                 00000000000000  000000000000000000000000000000000000000000000000000000937000                              17667081            000000000000000000000000000000000000
04164429530505202600000000570000009370001                                 00000000000000  000000000000000000000000000000000000000000000000000000937000                              17667081            000000000000000000000000000000000000
04150656800505202600000000570000009370001                                 00000000000000  000000000000000000000000000000000000000000000000000000937000                              17667081            000000000000000000000000000000000000
04166630700505202600000000570000009370001                                 00000000000000  000000000000000000000000000000000000000000000000000000937000                              17667081            000000000000000000000000000000000000
04118893130505202600000000570000009370001                                 00000000000000  000000000000000000000000000000000000000000000000000000937000                              17667081            000000000000000000000000000000000000
04128992510505202600000000570000009370001                                 00000000000000  000000000000000000000000000000000000000000000000000000937000                              17667081            000000000000000000000000000000000000
04150512340505202600000000570000009370001                                 00000000000000  000000000000000000000000000000000000000000000000000000937000                              17667081            000000000000000000000000000000000000
04124610680505202600000000570000009370001                                 00000000000000  000000000000000000000000000000000000000000000000000000937000                              17667081            000000000000000000000000000000000000
04164051880505202600000000570000009370001                                 00000000000000  000000000000000000000000000000000000000000000000000000937000                              17667081            000000000000000000000000000000000000
04144228600505202600000000570000009370001                                 00000000000000  000000000000000000000000000000000000000000000000000000937000                              17667081            000000000000000000000000000000000000
04165362220505202600000000570000009370001                                 00000000000000  000000000000000000000000000000000000000000000000000000937000                              17667081            000000000000000000000000000000000000
04149806080505202600000000580000119650001                                 00000000000000  000000000000000000000000000000000000000000000000000011965000                              17671232            000000000000000000000000000000000000
04142836390505202600000000580000119650001                                 00000000000000  000000000000000000000000000000000000000000000000000011965000                              17671232            000000000000000000000000000000000000
04130582990505202600000000580000119650001                                 00000000000000  000000000000000000000000000000000000000000000000000011965000                              17671232            000000000000000000000000000000000000
04150524320505202600000000580000119650001                                 00000000000000  000000000000000000000000000000000000000000000000000011965000                              17671232            000000000000000000000000000000000000
04149806070505202600000000580000119650001                                 00000000000000  000000000000000000000000000000000000000000000000000011965000                              17671232            000000000000000000000000000000000000
04119790100505202600000000580000119650001                                 00000000000000  000000000000000000000000000000000000000000000000000011965000                              17671232            000000000000000000000000000000000000
04128135080505202600000000580000119650001                                 00000000000000  000000000000000000000000000000000000000000000000000011965000                              17671232            000000000000000000000000000000000000
04130582980505202600000000580000119650001                                 00000000000000  000000000000000000000000000000000000000000000000000011965000                              17671232            000000000000000000000000000000000000
04163380540505202600000000580000119650001                                 00000000000000  000000000000000000000000000000000000000000000000000011965000                              17671232            000000000000000000000000000000000000
04118875290505202600000000590000004140001                                 00000000000000  000000000000000000000000000000000000000000000000000000414000                              7896353821958       000000000000000000000000000000000000
04103949710505202600000000590000004140001                                 00000000000000  000000000000000000000000000000000000000000000000000000414000                              7896353821958       000000000000000000000000000000000000
04080414960505202600000000590000004140001                                 00000000000000  000000000000000000000000000000000000000000000000000000414000                              7896353821958       000000000000000000000000000000000000
04069194580505202600000000590000004140001                                 00000000000000  000000000000000000000000000000000000000000000000000000414000                              7896353821958       000000000000000000000000000000000000
04071454730505202600000000590000004140001                                 00000000000000  000000000000000000000000000000000000000000000000000000414000                              7896353821958       000000000000000000000000000000000000
04118875280505202600000000590000004140001                                 00000000000000  000000000000000000000000000000000000000000000000000000414000                              7896353821958       000000000000000000000000000000000000
04103949720505202600000000590000004140001                                 00000000000000  000000000000000000000000000000000000000000000000000000414000                              7896353821958       000000000000000000000000000000000000
04069194570505202600000000590000004140001                                 00000000000000  000000000000000000000000000000000000000000000000000000414000                              7896353821958       000000000000000000000000000000000000
04159039380505202600000000600000011050001                                 00000000000000  000000000000000000000000000000000000000000000000000001105000                              17912269            000000000000000000000000000000000000
04084940620505202600000000680000007340001                                 00000000000000  000000000000000000000000000000000000000000000000000000734000                              7898026080303       000000000000000000000000000000000000
04072337730505202600000000680000007340001                                 00000000000000  000000000000000000000000000000000000000000000000000000734000                              7898026080303       000000000000000000000000000000000000
04069194510505202600000000680000007340001                                 00000000000000  000000000000000000000000000000000000000000000000000000734000                              7898026080303       000000000000000000000000000000000000
04071473140505202600000000680000007340001                                 00000000000000  000000000000000000000000000000000000000000000000000000734000                              7898026080303       000000000000000000000000000000000000
04128994360505202600000000680000007340001                                 00000000000000  000000000000000000000000000000000000000000000000000000734000                              7898026080303       000000000000000000000000000000000000
04069233320505202600000000680000007340001                                 00000000000000  000000000000000000000000000000000000000000000000000000734000                              7898026080303       000000000000000000000000000000000000
04069194500505202600000000680000007340001                                 00000000000000  000000000000000000000000000000000000000000000000000000734000                              7898026080303       000000000000000000000000000000000000
04128994370505202600000000680000007340001                                 00000000000000  000000000000000000000000000000000000000000000000000000734000                              7898026080303       000000000000000000000000000000000000
04141573760505202600000001320000009800001                                 00000000000000  000000000000000000000000000000000000000000000000000000980000                              7898586870338       000000000000000000000000000000000000
04069194790505202600000001320000009800001                                 00000000000000  000000000000000000000000000000000000000000000000000000980000                              7898586870338       000000000000000000000000000000000000
04069228130505202600000001320000009800001                                 00000000000000  000000000000000000000000000000000000000000000000000000980000                              7898586870338       000000000000000000000000000000000000
04145406900505202600000001320000009800001                                 00000000000000  000000000000000000000000000000000000000000000000000000980000                              7898586870338       000000000000000000000000000000000000
04130589670505202600000001320000009800001                                 00000000000000  000000000000000000000000000000000000000000000000000000980000                              7898586870338       000000000000000000000000000000000000
04134340490505202600000001320000009800001                                 00000000000000  000000000000000000000000000000000000000000000000000000980000                              7898586870338       000000000000000000000000000000000000
04141573750505202600000001320000009800001                                 00000000000000  000000000000000000000000000000000000000000000000000000980000                              7898586870338       000000000000000000000000000000000000
04141526100505202600000001320000009800001                                 00000000000000  000000000000000000000000000000000000000000000000000000980000                              7898586870338       000000000000000000000000000000000000
04069194800505202600000001320000009800001                                 00000000000000  000000000000000000000000000000000000000000000000000000980000                              7898586870338       000000000000000000000000000000000000
04090500160505202600000001320000009800001                                 00000000000000  000000000000000000000000000000000000000000000000000000980000                              7898586870338       000000000000000000000000000000000000
04145408640505202600000001320000009800001                                 00000000000000  000000000000000000000000000000000000000000000000000000980000                              7898586870338       000000000000000000000000000000000000
04130589660505202600000001320000009800001                                 00000000000000  000000000000000000000000000000000000000000000000000000980000                              7898586870338       000000000000000000000000000000000000
04137718900505202600000001840000005790001                                 00000000000000  000000000000000000000000000000000000000000000000000000579000                              7898006195614       000000000000000000000000000000000000
04085643210505202600000001840000005790001                                 00000000000000  000000000000000000000000000000000000000000000000000000579000                              7898006195614       000000000000000000000000000000000000
04097530140505202600000001840000005790001                                 00000000000000  000000000000000000000000000000000000000000000000000000579000                              7898006195614       000000000000000000000000000000000000
04151790990505202600000001840000005790001                                 00000000000000  000000000000000000000000000000000000000000000000000000579000                              7898006195614       000000000000000000000000000000000000
04069194690505202600000001840000005790001                                 00000000000000  000000000000000000000000000000000000000000000000000000579000                              7898006195614       000000000000000000000000000000000000
04084950460505202600000001840000005790001                                 00000000000000  000000000000000000000000000000000000000000000000000000579000                              7898006195614       000000000000000000000000000000000000
04069194680505202600000001840000005790001                                 00000000000000  000000000000000000000000000000000000000000000000000000579000                              7898006195614       000000000000000000000000000000000000
04128994320505202600000001840000005790001                                 00000000000000  000000000000000000000000000000000000000000000000000000579000                              7898006195614       000000000000000000000000000000000000
04084950470505202600000001840000005790001                                 00000000000000  000000000000000000000000000000000000000000000000000000579000                              7898006195614       000000000000000000000000000000000000
04139966800505202600000001920000013520001                                 00000000000000  000000000000000000000000000000000000000000000000000001352000                              17209896            000000000000000000000000000000000000
04069080230505202600000001920000013520001                                 00000000000000  000000000000000000000000000000000000000000000000000001352000                              17209896            000000000000000000000000000000000000
04013350210505202600000001920000013520001                                 00000000000000  000000000000000000000000000000000000000000000000000001352000                              17209896            000000000000000000000000000000000000
04128992470505202600000001920000013520001                                 00000000000000  000000000000000000000000000000000000000000000000000001352000                              17209896            000000000000000000000000000000000000
04150512330505202600000001920000013520001                                 00000000000000  000000000000000000000000000000000000000000000000000001352000                              17209896            000000000000000000000000000000000000
04103941460505202600000001920000013520001                                 00000000000000  000000000000000000000000000000000000000000000000000001352000                              17209896            000000000000000000000000000000000000
04071268190505202600000001920000013520001                                 00000000000000  000000000000000000000000000000000000000000000000000001352000                              17209896            000000000000000000000000000000000000
04084836450505202600000001920000013520001                                 00000000000000  000000000000000000000000000000000000000000000000000001352000                              17209896            000000000000000000000000000000000000
04164051870505202600000001920000013520001                                 00000000000000  000000000000000000000000000000000000000000000000000001352000                              17209896            000000000000000000000000000000000000
04147451170505202600000001920000013520001                                 00000000000000  000000000000000000000000000000000000000000000000000001352000                              17209896            000000000000000000000000000000000000
04083815450505202600000001920000013520001                                 00000000000000  000000000000000000000000000000000000000000000000000001352000                              17209896            000000000000000000000000000000000000
04071274700505202600000001920000013520001                                 00000000000000  000000000000000000000000000000000000000000000000000001352000                              17209896            000000000000000000000000000000000000
04092718190505202600000001920000013520001                                 00000000000000  000000000000000000000000000000000000000000000000000001352000                              17209896            000000000000000000000000000000000000
04086927790505202600000001920000013520001                                 00000000000000  000000000000000000000000000000000000000000000000000001352000                              17209896            000000000000000000000000000000000000
04134974320505202600000001920000013520001                                 00000000000000  000000000000000000000000000000000000000000000000000001352000                              17209896            000000000000000000000000000000000000
04144228540505202600000001920000013520001                                 00000000000000  000000000000000000000000000000000000000000000000000001352000                              17209896            000000000000000000000000000000000000
04065736520505202600000001920000013520001                                 00000000000000  000000000000000000000000000000000000000000000000000001352000                              17209896            000000000000000000000000000000000000
04071324330505202600000001920000013520001                                 00000000000000  000000000000000000000000000000000000000000000000000001352000                              17209896            000000000000000000000000000000000000
04098495070505202600000001920000013520001                                 00000000000000  000000000000000000000000000000000000000000000000000001352000                              17209896            000000000000000000000000000000000000
04084859610505202600000001920000013520001                                 00000000000000  000000000000000000000000000000000000000000000000000001352000                              17209896            000000000000000000000000000000000000
04069196700505202600000001920000013520001                                 00000000000000  000000000000000000000000000000000000000000000000000001352000                              17209896            000000000000000000000000000000000000
04150510460505202600000001920000013520001                                 00000000000000  000000000000000000000000000000000000000000000000000001352000                              17209896            000000000000000000000000000000000000
04142806780505202600000001920000013520001                                 00000000000000  000000000000000000000000000000000000000000000000000001352000                              17209896            000000000000000000000000000000000000
04130427810505202600000001920000013520001                                 00000000000000  000000000000000000000000000000000000000000000000000001352000                              17209896            000000000000000000000000000000000000
04114123050505202600000001920000013520001                                 00000000000000  000000000000000000000000000000000000000000000000000001352000                              17209896            000000000000000000000000000000000000
04072333240505202600000001920000013520001                                 00000000000000  000000000000000000000000000000000000000000000000000001352000                              17209896            000000000000000000000000000000000000
04139971810505202600000001920000013520001                                 00000000000000  000000000000000000000000000000000000000000000000000001352000                              17209896            000000000000000000000000000000000000
04159359430505202600000001920000013520001                                 00000000000000  000000000000000000000000000000000000000000000000000001352000                              17209896            000000000000000000000000000000000000
04137712270505202600000001920000013520001                                 00000000000000  000000000000000000000000000000000000000000000000000001352000                              17209896            000000000000000000000000000000000000
04104915010505202600000001920000013520001                                 00000000000000  000000000000000000000000000000000000000000000000000001352000                              17209896            000000000000000000000000000000000000
04150512320505202600000001920000013520001                                 00000000000000  000000000000000000000000000000000000000000000000000001352000                              17209896            000000000000000000000000000000000000
04084780920505202600000001920000013520001                                 00000000000000  000000000000000000000000000000000000000000000000000001352000                              17209896            000000000000000000000000000000000000
04107105890505202600000001920000013520001                                 00000000000000  000000000000000000000000000000000000000000000000000001352000                              17209896            000000000000000000000000000000000000
04071270120505202600000001920000013520001                                 00000000000000  000000000000000000000000000000000000000000000000000001352000                              17209896            000000000000000000000000000000000000
04145420310505202600000001920000013520001                                 00000000000000  000000000000000000000000000000000000000000000000000001352000                              17209896            000000000000000000000000000000000000
04071268180505202600000001920000013520001                                 00000000000000  000000000000000000000000000000000000000000000000000001352000                              17209896            000000000000000000000000000000000000
04084836440505202600000001920000013520001                                 00000000000000  000000000000000000000000000000000000000000000000000001352000                              17209896            000000000000000000000000000000000000
04164051860505202600000001920000013520001                                 00000000000000  000000000000000000000000000000000000000000000000000001352000                              17209896            000000000000000000000000000000000000
04137847770505202600000001920000013520001                                 00000000000000  000000000000000000000000000000000000000000000000000001352000                              17209896            000000000000000000000000000000000000
04160329510505202600000001920000013520001                                 00000000000000  000000000000000000000000000000000000000000000000000001352000                              17209896            000000000000000000000000000000000000
04092718180505202600000001920000013520001                                 00000000000000  000000000000000000000000000000000000000000000000000001352000                              17209896            000000000000000000000000000000000000
04070271130505202600000001920000013520001                                 00000000000000  000000000000000000000000000000000000000000000000000001352000                              17209896            000000000000000000000000000000000000
04128992480505202600000001920000013520001                                 00000000000000  000000000000000000000000000000000000000000000000000001352000                              17209896            000000000000000000000000000000000000
04072220340505202600000001920000013520001                                 00000000000000  000000000000000000000000000000000000000000000000000001352000                              17209896            000000000000000000000000000000000000
04098495060505202600000001920000013520001                                 00000000000000  000000000000000000000000000000000000000000000000000001352000                              17209896            000000000000000000000000000000000000
04081018630505202600000001920000013520001                                 00000000000000  000000000000000000000000000000000000000000000000000001352000                              17209896            000000000000000000000000000000000000
04150510500505202600000001920000013520001                                 00000000000000  000000000000000000000000000000000000000000000000000001352000                              17209896            000000000000000000000000000000000000
04103941470505202600000001920000013520001                                 00000000000000  000000000000000000000000000000000000000000000000000001352000                              17209896            000000000000000000000000000000000000
04069196690505202600000001920000013520001                                 00000000000000  000000000000000000000000000000000000000000000000000001352000                              17209896            000000000000000000000000000000000000
04150510450505202600000001920000013520001                                 00000000000000  000000000000000000000000000000000000000000000000000001352000                              17209896            000000000000000000000000000000000000
04164427520505202600000001920000013520001                                 00000000000000  000000000000000000000000000000000000000000000000000001352000                              17209896            000000000000000000000000000000000000
04084836460505202600000001920000013520001                                 00000000000000  000000000000000000000000000000000000000000000000000001352000                              17209896            000000000000000000000000000000000000
04126050710505202600000001920000013520001                                 00000000000000  000000000000000000000000000000000000000000000000000001352000                              17209896            000000000000000000000000000000000000
04137847740505202600000001920000013520001                                 00000000000000  000000000000000000000000000000000000000000000000000001352000                              17209896            000000000000000000000000000000000000
04083815460505202600000001920000013520001                                 00000000000000  000000000000000000000000000000000000000000000000000001352000                              17209896            000000000000000000000000000000000000
04071275710505202600000001920000013520001                                 00000000000000  000000000000000000000000000000000000000000000000000001352000                              17209896            000000000000000000000000000000000000
04131466200505202600000001920000013520001                                 00000000000000  000000000000000000000000000000000000000000000000000001352000                              17209896            000000000000000000000000000000000000
04014100820505202600000001920000013520001                                 00000000000000  000000000000000000000000000000000000000000000000000001352000                              17209896            000000000000000000000000000000000000
04142838100505202600000001920000013520001                                 00000000000000  000000000000000000000000000000000000000000000000000001352000                              17209896            000000000000000000000000000000000000
04099627530505202600000001920000013520001                                 00000000000000  000000000000000000000000000000000000000000000000000001352000                              17209896            000000000000000000000000000000000000
04137712260505202600000001920000013520001                                 00000000000000  000000000000000000000000000000000000000000000000000001352000                              17209896            000000000000000000000000000000000000
04084859620505202600000001920000013520001                                 00000000000000  000000000000000000000000000000000000000000000000000001352000                              17209896            000000000000000000000000000000000000
04166655320505202600000001920000013520001                                 00000000000000  000000000000000000000000000000000000000000000000000001352000                              17209896            000000000000000000000000000000000000
04114123060505202600000001920000013520001                                 00000000000000  000000000000000000000000000000000000000000000000000001352000                              17209896            000000000000000000000000000000000000
04012110950505202600000001920000013520001                                 00000000000000  000000000000000000000000000000000000000000000000000001352000                              17209896            000000000000000000000000000000000000
04100727810505202600000001920000013520001                                 00000000000000  000000000000000000000000000000000000000000000000000001352000                              17209896            000000000000000000000000000000000000
04083821300505202600000001920000013520001                                 00000000000000  000000000000000000000000000000000000000000000000000001352000                              17209896            000000000000000000000000000000000000
04159359440505202600000001920000013520001                                 00000000000000  000000000000000000000000000000000000000000000000000001352000                              17209896            000000000000000000000000000000000000
04097536360505202600000001920000013520001                                 00000000000000  000000000000000000000000000000000000000000000000000001352000                              17209896            000000000000000000000000000000000000